gauge_id,umap_40d_dim_1,umap_40d_dim_2,umap_40d_dim_3,umap_40d_dim_4,umap_40d_dim_5,umap_40d_dim_6,umap_40d_dim_7,umap_40d_dim_8,umap_40d_dim_9,umap_40d_dim_10,umap_40d_dim_11,umap_40d_dim_12,umap_40d_dim_13,umap_40d_dim_14,umap_40d_dim_15,umap_40d_dim_16,umap_40d_dim_17,umap_40d_dim_18,umap_40d_dim_19,umap_40d_dim_20,umap_40d_dim_21,umap_40d_dim_22,umap_40d_dim_23,umap_40d_dim_24,umap_40d_dim_25,umap_40d_dim_26,umap_40d_dim_27,umap_40d_dim_28,umap_40d_dim_29,umap_40d_dim_30,umap_40d_dim_31,umap_40d_dim_32,umap_40d_dim_33,umap_40d_dim_34,umap_40d_dim_35,umap_40d_dim_36,umap_40d_dim_37,umap_40d_dim_38,umap_40d_dim_39,umap_40d_dim_40
3002,-3.7094054,4.9391694,6.0450745,4.1875253,1.2104194,8.509295,8.4213505,2.9137592,1.8572983,7.043719,2.4973588,4.3261657,6.0330944,7.1001687,7.230402,1.6157644,2.438784,3.1064095,8.664128,4.512183,9.427652,8.479273,7.2120743,4.834806,4.5885677,4.64975,2.2338398,6.0494933,4.852725,1.1994959,2.6770277,6.5141683,5.011377,4.1801553,6.917751,3.5702848,8.882603,7.0641465,4.5677505,9.176983
3005,-3.499661,4.543972,5.9656553,5.0283237,0.7061361,8.34648,8.268499,2.4319286,2.560094,6.8356667,1.9464077,3.3049147,6.6597977,7.3250113,7.154842,2.030415,2.6886108,2.9368863,7.6905365,5.6408525,8.842892,8.822842,7.3240047,4.794562,4.650126,3.9376369,2.4124243,6.328551,4.713882,1.2966455,2.429766,6.7832065,4.672952,4.1969423,6.8552785,3.5883532,9.211179,6.8691363,4.912944,8.680315
3008,-3.4729846,4.5799055,5.9497905,5.2303667,0.61203396,8.087058,8.073269,2.3351989,2.5197105,6.5876274,1.770774,3.1833467,6.86426,7.298967,7.2526107,1.9740605,2.923144,2.7889013,7.4560585,5.8313794,8.650054,8.860223,7.396229,4.701381,4.857658,3.7932372,2.484789,6.333153,4.8068557,1.4105111,2.3556058,6.9406915,4.636472,4.337549,6.81637,3.4700766,9.033112,6.7956047,4.965908,8.556121
3009,-3.5242336,4.670238,5.908631,5.5725827,0.46524686,7.597407,7.6589713,2.2675219,2.322654,6.082173,1.4889618,3.055995,7.251469,7.1858253,7.516784,1.7717557,3.3825073,2.5314076,7.091552,6.174399,8.302189,8.844749,7.5927525,4.5029745,5.322057,3.571003,2.6857743,6.2669997,5.0030713,1.6628059,2.2010143,7.2590356,4.5976214,4.586842,6.795981,3.2472796,8.606004,6.61675,5.010352,8.38338
3013,-3.5251718,4.809454,6.0167885,4.987476,0.8809317,7.819105,7.9367704,2.479635,2.0426373,6.4299994,1.8670924,3.6917894,6.707834,7.2208037,7.3795395,1.7271466,3.0717874,2.6835268,7.7951202,5.236115,8.840325,8.70103,7.368588,4.6584835,5.112529,4.1303744,2.4443629,6.1795807,4.9784355,1.5141411,2.4903069,6.975367,4.72723,4.5590053,6.7767463,3.2413266,8.677924,6.907813,4.7748117,8.6616745
3014,-3.4514956,4.826401,5.9757423,5.2570252,0.5688762,7.880534,7.9728045,2.3874872,2.3699107,6.3071995,1.706558,3.2631228,6.9280457,7.231098,7.3696303,1.8436025,3.162969,2.7129524,7.4465604,5.7663546,8.558511,8.810587,7.5486097,4.628501,5.12216,3.8797657,2.4683287,6.2488422,4.9261847,1.3832386,2.3983097,6.955901,4.72468,4.5105066,6.803597,3.349862,8.735487,6.6679864,4.9396,8.541366
3017,-3.688744,4.9459023,6.09632,4.1738067,1.2494069,8.472154,8.441549,2.8906236,1.8348893,7.084245,2.511492,4.340283,5.9841256,7.0883207,7.2410693,1.5983672,2.4213262,3.077525,8.678227,4.5581493,9.470086,8.442326,7.1939983,4.8839364,4.5922375,4.6837626,2.212936,6.081061,4.8103228,1.195768,2.7280822,6.4931602,5.0461965,4.2025404,6.893951,3.523068,8.889276,7.1019917,4.530982,9.166439
3018,-3.6047425,4.8906407,6.1319237,4.4212704,1.1140205,8.3746805,8.382872,2.7619796,2.0128882,7.0019045,2.349851,4.0722136,6.1436176,7.1385903,7.2523394,1.6571853,2.5653293,3.0584896,8.426172,4.6859155,9.360681,8.5093975,7.2711186,4.8795304,4.68359,4.626386,2.2250464,6.1335397,4.7709656,1.2091041,2.7574296,6.546536,4.998177,4.249344,6.860077,3.4437597,8.950747,7.0064006,4.5831933,9.035798
3019,-3.4964964,4.5431023,5.8990602,5.6510353,0.45824337,7.591635,7.6379004,2.1746964,2.3973007,6.1375184,1.4368176,2.9559975,7.300315,7.2364616,7.473992,1.8325576,3.3423297,2.4932368,6.991319,6.262616,8.28491,8.892013,7.5263352,4.516578,5.262461,3.4639685,2.7052927,6.3306756,4.977113,1.7266939,2.1535234,7.319582,4.5230303,4.573006,6.7590528,3.246432,8.720162,6.672631,5.041643,8.319162
3020,-3.4506972,4.3739223,5.8660984,5.571642,0.4949381,7.8679924,7.8197546,2.1278102,2.5625336,6.4565506,1.5088022,2.8919518,7.1698966,7.314044,7.314906,1.9478191,3.079241,2.5935674,7.073947,6.19356,8.398051,8.9745035,7.4052644,4.5893373,4.943488,3.4525168,2.6532037,6.4283776,4.8679996,1.6494955,2.1520422,7.229334,4.4959126,4.417774,6.744618,3.3846745,9.043689,6.772624,5.07876,8.341021
3024,-3.4915805,4.5455127,5.9058437,5.6589775,0.4689849,7.5499134,7.613342,2.1654427,2.3771996,6.10672,1.4242784,2.9685292,7.3098354,7.241407,7.484708,1.8251169,3.3718019,2.4692254,6.9833694,6.246382,8.284059,8.886663,7.5208507,4.514342,5.29541,3.4659438,2.706267,6.3274145,4.9907894,1.7484514,2.158185,7.3374906,4.5127115,4.6025443,6.748369,3.217588,8.692916,6.6838393,5.031627,8.30672
3028,-3.4650908,4.7103796,5.9705687,5.2792516,0.5962377,7.8903832,7.9615245,2.338806,2.4033608,6.3836555,1.7042276,3.2308693,6.937368,7.2552752,7.342114,1.8920782,3.100926,2.7050617,7.4112663,5.8160315,8.579076,8.828927,7.4698367,4.6463284,5.058779,3.816284,2.4979768,6.283648,4.8948474,1.4530394,2.3652081,6.995012,4.666582,4.4678698,6.7971587,3.3621762,8.830163,6.7391305,4.9493117,8.523569
3029,-3.4541743,4.3839874,5.864092,5.5773587,0.4929474,7.8509827,7.8042064,2.1334796,2.550098,6.433227,1.5019696,2.8982131,7.180605,7.308238,7.328115,1.9371616,3.1017547,2.5844398,7.0703754,6.1987395,8.387435,8.969915,7.414074,4.5820236,4.964066,3.4521525,2.658054,6.42112,4.8788095,1.6559886,2.150784,7.2368183,4.496761,4.4314566,6.746504,3.3747928,9.018599,6.766005,5.075178,8.338774
3030,-3.4596136,4.786,6.0200305,5.344798,0.5418543,7.7693563,7.934127,2.3060675,2.3908842,6.273392,1.673272,3.1840134,6.986174,7.235137,7.364739,1.8994329,3.1643054,2.684457,7.3072414,5.9012117,8.548399,8.808491,7.51082,4.6398454,5.1837106,3.798233,2.5047548,6.2807345,4.8857307,1.4546281,2.359949,7.014167,4.6804285,4.49625,6.782486,3.3196461,8.748106,6.684066,4.9728947,8.495328
3031,-3.6039047,4.901476,6.175987,4.331157,1.1685523,8.422885,8.4474535,2.7788548,2.0113103,7.0937634,2.4260075,4.114806,6.0338655,7.142552,7.2231903,1.6580313,2.4582589,3.0840776,8.493544,4.635429,9.445223,8.468689,7.217778,4.925632,4.6279345,4.6830506,2.1857908,6.1355805,4.7284436,1.178424,2.7990253,6.4869437,5.0321026,4.2241817,6.871356,3.4539263,9.005203,7.0633163,4.5440345,9.080946
3038,-3.5087972,4.636993,5.9190464,5.5758514,0.45751375,7.6384263,7.7017136,2.2399333,2.3828032,6.1417108,1.4975789,3.017117,7.2387166,7.204127,7.4751325,1.8268484,3.320551,2.5523145,7.073682,6.205519,8.322542,8.859124,7.560715,4.530528,5.266402,3.5467584,2.6702144,6.296216,4.9667063,1.649037,2.1970081,7.238135,4.584959,4.546839,6.786311,3.2776096,8.684027,6.6359606,5.0276318,8.378805
3040,-3.426004,4.931066,5.9808345,5.203203,0.5433593,7.9352536,8.040018,2.450156,2.3902078,6.2972603,1.7357677,3.2954702,6.885614,7.2142396,7.3758626,1.8346323,3.169262,2.756123,7.5136924,5.7218647,8.570582,8.791062,7.618565,4.6428022,5.1208563,3.954186,2.4077408,6.2255397,4.9362297,1.2759571,2.4491565,6.8661666,4.7894764,4.513086,6.8050704,3.3740423,8.704661,6.6045814,4.926334,8.575186
3043,-3.5755708,4.440838,5.935249,4.9341884,0.7663551,8.481093,8.319069,2.48044,2.5372639,7.011091,2.0510798,3.3754642,6.5554385,7.2884355,7.154684,2.0032012,2.5601747,3.0213957,7.7931347,5.5457616,8.939232,8.824439,7.2527733,4.813837,4.489127,3.977362,2.43441,6.329936,4.6724033,1.312332,2.4481802,6.756928,4.674601,4.074264,6.8917904,3.6490848,9.284082,6.936509,4.90207,8.764564
3045,-3.5737545,4.701661,6.067276,4.635833,0.95938784,8.445595,8.3918915,2.6364524,2.2826717,7.0326467,2.2303245,3.7498949,6.2980394,7.224759,7.186021,1.8394499,2.5257287,3.0560658,8.153292,5.0730696,9.198703,8.633657,7.2576265,4.8772593,4.587482,4.3586698,2.2953153,6.227029,4.6963964,1.2219944,2.6410923,6.6051846,4.8636255,4.1693363,6.867621,3.5394118,9.136279,6.9792886,4.7105074,8.916173
3047,-3.687794,4.9251146,6.107374,4.2310805,1.235493,8.462404,8.419459,2.8714008,1.8683447,7.08967,2.4783788,4.2479773,6.001052,7.0613966,7.2749357,1.581701,2.4620864,3.0538251,8.601046,4.61967,9.454115,8.447535,7.2097187,4.8791914,4.5963593,4.6693645,2.247951,6.1032696,4.79199,1.2261095,2.7564871,6.504603,5.0559287,4.2224383,6.873866,3.4783227,8.870383,7.0965466,4.5419126,9.142503
3048,-3.445069,4.90539,5.993039,5.119759,0.6279977,7.972168,8.075061,2.4559712,2.303595,6.3546543,1.7983961,3.3888578,6.7740593,7.2264376,7.345825,1.7687759,3.1316237,2.779234,7.6226315,5.547819,8.66191,8.791831,7.568775,4.6406455,5.08623,4.055809,2.4166787,6.2170844,4.914246,1.284372,2.4901097,6.857484,4.8077545,4.5198317,6.824599,3.348984,8.718056,6.6714873,4.891771,8.611334
3055,-3.4719605,4.426593,5.904206,5.3249993,0.5785449,8.115673,8.040118,2.260679,2.5959027,6.653145,1.7130147,3.0565288,6.9346395,7.322526,7.2322655,2.0059063,2.8849986,2.7650266,7.3441167,5.9705453,8.596639,8.92022,7.358247,4.688476,4.77542,3.6546202,2.5410154,6.393824,4.7844615,1.4764841,2.2775,7.0163736,4.5697308,4.2937603,6.8016953,3.497401,9.143967,6.8193235,5.016398,8.497603
3056,-3.490134,4.7744813,5.992218,5.442297,0.5011381,7.664854,7.815726,2.2956662,2.3626888,6.1615863,1.59963,3.1356413,7.1047416,7.206434,7.43627,1.8629358,3.2680712,2.6214662,7.204776,6.034727,8.444029,8.806769,7.5544324,4.5880637,5.2793674,3.708784,2.5722814,6.2639756,4.9342647,1.5355372,2.2996104,7.1081076,4.6524262,4.537537,6.7908154,3.284402,8.661672,6.643205,4.987927,8.454414
3057,-3.6037624,4.964724,6.1713243,4.3620524,1.1619655,8.3244915,8.374803,2.7935297,1.9162387,6.9731097,2.372012,4.176102,6.100716,7.1116605,7.275166,1.579262,2.5878336,3.0448484,8.515464,4.563822,9.394747,8.471061,7.282511,4.8814774,4.743494,4.71053,2.1935961,6.108257,4.7948356,1.2098504,2.8028765,6.533098,5.055148,4.2931705,6.8772955,3.4066024,8.8973255,7.0098624,4.542802,9.063046
3064,-3.451069,4.807866,6.0233264,5.2265105,0.64091676,7.807444,7.9641824,2.3555195,2.332113,6.3313613,1.7331648,3.3256457,6.8897915,7.25405,7.3475924,1.8846203,3.1282938,2.6904864,7.4617286,5.6917105,8.642575,8.784009,7.4636827,4.6641917,5.140287,3.908031,2.4499454,6.257,4.909342,1.435276,2.4209275,6.9702506,4.693164,4.5190663,6.7729797,3.3079755,8.7490835,6.754608,4.9106493,8.544147
3068,-3.5901372,4.9469547,6.206247,4.286169,1.2019246,8.396674,8.469589,2.7738743,1.990027,7.1113086,2.4621825,4.148994,5.993899,7.144367,7.2195234,1.633188,2.4324944,3.0866911,8.524355,4.5857096,9.484251,8.431664,7.202825,4.9549427,4.6522455,4.72942,2.1484742,6.1319942,4.7129345,1.156759,2.8334107,6.460585,5.067462,4.2427783,6.868452,3.4186122,9.007015,7.082459,4.504148,9.096641
3069,-3.5622718,4.619182,5.7151575,5.439105,0.4960249,7.898323,7.6537514,2.4345407,2.196616,6.1853986,1.5124822,3.174959,7.1855445,7.1273665,7.5813384,1.4899242,3.4135468,2.56465,7.3778715,5.9169345,8.242038,8.89352,7.7170215,4.3944736,5.1191874,3.6615765,2.7268102,6.205994,5.1266384,1.599569,2.1994605,7.240681,4.6840863,4.600854,6.848708,3.3220265,8.573175,6.542979,4.971127,8.459744
3071,-3.607727,4.790249,6.063588,4.5357747,1.0427706,8.427871,8.354123,2.729773,2.1144214,7.004301,2.286596,3.9551418,6.2565966,7.175941,7.220841,1.7517542,2.5641973,3.0654867,8.318849,4.846079,9.282967,8.577878,7.263613,4.8466544,4.631666,4.5019517,2.2801604,6.158948,4.7679315,1.2333322,2.6618013,6.595082,4.9091716,4.2006435,6.854195,3.498908,9.015433,6.985853,4.6571584,8.993568
3072,-3.4598017,4.8187957,5.991111,5.115386,0.6388628,8.027453,8.094181,2.4443822,2.3729768,6.4545755,1.8199332,3.3628304,6.7800016,7.239142,7.3163486,1.8529555,3.0383894,2.8004386,7.612163,5.603837,8.693389,8.787055,7.5032935,4.6843996,4.997873,3.9962094,2.4139838,6.243835,4.8761415,1.3097583,2.4672322,6.8524623,4.7641773,4.4421887,6.817338,3.40165,8.821981,6.7189126,4.89669,8.621057
3073,-3.5628574,4.399682,5.919096,4.9880285,0.73099035,8.496,8.325269,2.4444695,2.6024199,7.0131044,2.0169182,3.2890344,6.597717,7.31843,7.127684,2.0504076,2.5516298,3.0154324,7.726365,5.6429515,8.895681,8.857831,7.2497697,4.814415,4.4744997,3.9051542,2.4512618,6.3553805,4.657968,1.3174155,2.4127355,6.773896,4.6392517,4.0615873,6.897113,3.6771843,9.333905,6.9308953,4.9340754,8.728141
3074,-3.4610968,4.666675,5.9436154,5.379165,0.56626374,7.805251,7.8683844,2.2916076,2.405658,6.3136525,1.6215307,3.1569698,7.0396905,7.2590003,7.378112,1.8778788,3.1794393,2.6345873,7.3004737,5.926476,8.492601,8.852293,7.4829445,4.6097493,5.1095786,3.7199192,2.5450258,6.297843,4.9312835,1.5280601,2.3131127,7.0832543,4.6211605,4.511801,6.777617,3.3249924,8.79269,6.727962,4.9689846,8.460185
3075,-3.5640037,4.399317,5.9247036,4.9715962,0.7406391,8.506721,8.338128,2.4491358,2.6020727,7.024593,2.0288546,3.2990315,6.5804973,7.321935,7.1201606,2.0517082,2.5400503,3.0219362,7.743947,5.6269083,8.914619,8.8485775,7.2455797,4.8230915,4.4669666,3.9189765,2.445947,6.3555474,4.647384,1.3130958,2.4230762,6.7640038,4.6441684,4.0577397,6.8960257,3.6795678,9.344426,6.9370017,4.9244623,8.734607
3076,-3.6232622,4.945274,6.2472196,4.231156,1.23591,8.391932,8.488892,2.7797992,1.959403,7.1352086,2.494079,4.184722,5.923664,7.114402,7.234464,1.6194838,2.4107175,3.0781229,8.554752,4.553367,9.524475,8.42025,7.1902814,4.96918,4.6188846,4.7605534,2.1593232,6.142087,4.7047577,1.17007,2.8682003,6.4612365,5.082092,4.2230644,6.8659983,3.4244654,8.985123,7.1120186,4.4969196,9.110567
3079,-3.4376,4.5873904,5.9327097,5.507591,0.54801655,7.684174,7.769887,2.1951065,2.4292855,6.2542276,1.5229315,3.0521066,7.1472173,7.2953596,7.387205,1.9007951,3.243297,2.5422444,7.14339,6.0435452,8.422079,8.888879,7.455324,4.585794,5.1614122,3.5999358,2.5901368,6.3403845,4.9480577,1.6289124,2.2541537,7.195629,4.5421357,4.5616965,6.7365665,3.2686954,8.790145,6.7528343,4.9948416,8.36674
3081,-3.4970944,4.9384017,5.94678,5.0451903,0.66068584,8.006387,8.0401125,2.5582643,2.178044,6.3544974,1.8309531,3.511431,6.7509575,7.1541033,7.423775,1.6356114,3.1664875,2.7866564,7.753977,5.4134626,8.664457,8.754275,7.626789,4.603375,5.0852,4.120185,2.441092,6.1614375,4.9792924,1.2955582,2.4990408,6.8580537,4.86428,4.5301147,6.842544,3.3461752,8.626393,6.6393995,4.849504,8.666444
3082,-3.5523384,4.9584637,5.9689302,4.9046965,0.7781842,8.010409,8.02529,2.6457338,2.0515685,6.432745,1.9247268,3.7251506,6.6816955,7.114731,7.441539,1.6118253,3.0824878,2.796477,7.933991,5.2369394,8.792865,8.666991,7.5497518,4.64494,5.0648265,4.2073245,2.4092655,6.1162844,5.003212,1.3385177,2.5285623,6.84419,4.87721,4.499818,6.82615,3.3503015,8.595155,6.7192416,4.7777157,8.757035
3083,-3.425522,5.000452,5.9997907,5.1368914,0.5716838,7.9322343,8.037867,2.5017722,2.302063,6.2652826,1.7668141,3.3972793,6.830983,7.1784453,7.4166737,1.7553205,3.2111459,2.7587256,7.6147695,5.5609126,8.6193905,8.742913,7.643011,4.6465898,5.1587663,4.0584126,2.3775122,6.1851974,4.9622707,1.2375114,2.5165894,6.832282,4.8511186,4.5607967,6.7976255,3.33375,8.631245,6.587378,4.865266,8.611018
3085,-3.424514,4.558967,5.9383965,5.5401764,0.55746573,7.6412616,7.7434306,2.158753,2.43717,6.2431135,1.4970123,3.0296268,7.1709824,7.319187,7.3816094,1.9192462,3.2559936,2.5097136,7.0997596,6.0635266,8.415959,8.898074,7.4290586,4.5888124,5.175754,3.5708144,2.594386,6.3570776,4.9499116,1.6646787,2.2457218,7.22811,4.5086637,4.582431,6.7177334,3.2426374,8.79842,6.780496,4.994673,8.33624
3087,-3.4662015,4.6855927,5.974019,5.258314,0.5832036,7.977629,8.019195,2.3413641,2.4709907,6.4496627,1.7398931,3.200009,6.907097,7.275096,7.29436,1.938385,3.0377145,2.7554111,7.4226584,5.851528,8.602437,8.84126,7.444877,4.671417,4.985096,3.811049,2.4794302,6.3000503,4.845488,1.4058857,2.3654113,6.956675,4.6658087,4.4081416,6.8209453,3.4187415,8.891175,6.746156,4.964139,8.549338
3089,-3.5036404,4.951556,5.995585,5.0128465,0.7038155,7.948378,8.022785,2.5574791,2.1662252,6.3749075,1.8583488,3.5757494,6.7520065,7.1521926,7.415145,1.7119687,3.1173236,2.7704644,7.766429,5.405039,8.73251,8.700415,7.5512066,4.658525,5.103071,4.1179605,2.4011335,6.157992,4.9719925,1.3291728,2.5147202,6.8567195,4.8401628,4.512184,6.8045907,3.3428204,8.628344,6.6950836,4.823367,8.68808
3091,-3.4734855,4.708293,5.9898973,5.387246,0.92914486,7.1341443,7.464881,2.240552,1.8932829,5.9423637,1.5179542,3.5655134,7.0405464,7.312172,7.5919247,1.7013865,3.6042826,2.2831624,7.343362,5.319534,8.606951,8.756885,7.35779,4.5288806,5.5664673,3.9274096,2.6170225,6.1854835,5.1832943,1.95185,2.4293327,7.3825502,4.4878154,4.94777,6.652309,2.8590095,8.329772,7.0054517,4.7553144,8.35821
3092,-3.5858445,4.8875003,6.227294,4.3601437,1.153344,8.394062,8.464999,2.7330978,2.0569372,7.107901,2.4076247,4.0620146,6.020836,7.148399,7.2219863,1.6704979,2.4607003,3.0831265,8.449124,4.64087,9.450318,8.4762,7.22378,4.9554534,4.632746,4.696052,2.1744072,6.170002,4.6871634,1.1757346,2.8434289,6.486179,5.038518,4.2200613,6.866806,3.435616,9.043053,7.0593863,4.5469933,9.050532
3094,-3.4411483,4.897947,5.996486,5.137763,0.5914527,7.9851403,8.073575,2.4722908,2.392488,6.3814783,1.7918522,3.3493936,6.8251038,7.2051396,7.371715,1.840161,3.113073,2.7846665,7.5872602,5.6754827,8.652117,8.756229,7.578308,4.68728,5.0535383,3.9916065,2.3837569,6.22273,4.9122715,1.2743089,2.489594,6.8284626,4.799229,4.474957,6.7930384,3.387286,8.743164,6.647237,4.8821325,8.614131
3098,-3.474144,4.6598363,5.906769,5.3803916,0.9184787,7.196304,7.400293,2.275441,1.8303112,5.931422,1.4741648,3.5893407,7.0878735,7.301961,7.621939,1.5856458,3.6585116,2.2394223,7.3872337,5.2935643,8.534767,8.787636,7.390865,4.472462,5.556944,3.8958251,2.6587749,6.1883297,5.240007,1.9558843,2.3715637,7.4419894,4.4794164,4.9996634,6.654595,2.840857,8.296334,6.976098,4.7476177,8.329859
3099,-3.6571794,4.9786525,6.121616,4.222478,1.2108623,8.442995,8.439432,2.8813505,1.8625579,7.0335817,2.4780724,4.3108406,6.0258865,7.1039376,7.2350087,1.5863385,2.4782794,3.0973666,8.659015,4.535317,9.450164,8.451145,7.236692,4.8808694,4.648285,4.7174473,2.1770024,6.0666084,4.8189435,1.1857235,2.7606514,6.4834566,5.0575523,4.2220907,6.912761,3.5023727,8.904613,7.049166,4.528393,9.155732
3103,-3.51923,4.4572678,5.941262,5.0466995,0.70343035,8.392273,8.273556,2.4089196,2.5966842,6.9016805,1.9500717,3.2595294,6.6632037,7.332592,7.1401086,2.050221,2.6403453,2.9516006,7.6614127,5.6865473,8.843006,8.850437,7.286917,4.797894,4.578792,3.885202,2.441714,6.3554616,4.6877527,1.3263818,2.403556,6.805175,4.6391354,4.144892,6.863583,3.619591,9.276613,6.897346,4.934503,8.675545
3105,-3.6547956,4.988121,6.182282,4.1992517,1.2544608,8.385036,8.4388485,2.8448758,1.841044,7.065593,2.488423,4.304094,5.9630165,7.0763087,7.2640877,1.5595591,2.474981,3.060793,8.647257,4.4902267,9.493916,8.421159,7.2186003,4.915971,4.6644797,4.757455,2.1817338,6.103834,4.77869,1.1985519,2.823399,6.4873543,5.0925107,4.24882,6.8812013,3.4409506,8.884641,7.089865,4.504243,9.138716
3107,-3.5605264,4.9873786,5.953542,4.8748803,0.76583225,8.057778,8.043224,2.6922436,2.037592,6.4390807,1.9425524,3.7420595,6.659909,7.0846486,7.4706416,1.5576324,3.0960462,2.8216283,7.9827905,5.2053046,8.786965,8.654901,7.5998883,4.638703,5.050748,4.2459025,2.4058034,6.097127,5.0127783,1.3005929,2.5503864,6.8143063,4.9232626,4.498524,6.8382063,3.360536,8.566587,6.6763577,4.76258,8.781149
3109,-3.4527345,4.405292,5.874498,5.5024977,0.5080826,7.939895,7.882497,2.1735477,2.577375,6.502364,1.5623245,2.9364102,7.1102133,7.310005,7.2989645,1.9609404,3.0350394,2.64278,7.151625,6.1421113,8.443181,8.956944,7.4080663,4.6151013,4.900253,3.5104766,2.6156344,6.4139166,4.8522916,1.588855,2.1899686,7.16155,4.5263104,4.38615,6.7598763,3.4195695,9.0612135,6.7700615,5.0611887,8.386372
3110,-3.4569602,4.6219516,5.9244804,5.52957,0.5451065,7.6170664,7.710952,2.2106435,2.363474,6.171282,1.4994518,3.0746653,7.1820617,7.2714643,7.4357433,1.844859,3.3200588,2.5117877,7.1287937,6.0367785,8.383376,8.875287,7.49031,4.5519166,5.241186,3.6032844,2.620728,6.31341,4.985893,1.6630148,2.2466395,7.232289,4.547666,4.6048017,6.745793,3.2313979,8.696383,6.7271447,4.9867425,8.358907
4003,-3.7794268,4.2751822,5.515897,5.821392,0.60287,7.3132644,6.992189,2.2058213,1.5025512,5.7393475,1.190175,3.1844835,7.521177,7.031994,7.9224477,0.8990196,3.9257839,2.1576886,7.0836535,5.640709,7.883514,8.998947,7.7672024,3.9925835,5.5115924,3.396866,3.2535446,6.1389914,5.4328513,2.368496,1.9497705,7.9142866,4.5028996,4.91761,6.8924627,2.9750056,8.173836,6.608347,5.0135117,8.245649
4004,-3.4323401,4.4665604,5.670796,5.5784607,0.9710512,7.0549717,6.9728374,2.2291276,1.5373528,5.697836,1.1941,3.5637138,7.357299,7.34896,7.7967677,1.0733471,4.049992,1.8691707,7.3291626,5.201085,8.220853,8.898649,7.4445477,4.244958,5.7525616,3.7188413,2.8755648,6.212274,5.47566,2.1991904,2.207417,7.8309393,4.337931,5.3350554,6.5971456,2.5695312,8.05655,6.974834,4.69849,8.085598
4005,-3.5291724,4.4134817,5.686585,5.7592173,0.77261394,7.0305986,7.020384,2.1269555,1.6584538,5.6701603,1.1576574,3.3076293,7.4532127,7.2762585,7.787317,1.2191465,3.9904876,2.0113425,7.065159,5.5108137,8.123682,8.936904,7.53465,4.2121553,5.685485,3.5472155,2.967197,6.228373,5.4060855,2.2682378,2.1208782,7.830662,4.3520412,5.1424,6.6736975,2.7404377,8.138597,6.841072,4.864698,8.100951
4006,-3.4982364,4.428101,5.591447,5.6844783,0.8651796,7.0776067,6.986821,2.2120414,1.5830157,5.6845536,1.1578417,3.4354413,7.422755,7.3477335,7.7953777,1.0950898,4.0611258,1.9619015,7.197116,5.381155,8.112156,8.95166,7.51019,4.190582,5.678175,3.617813,2.9362257,6.242175,5.4698734,2.2245076,2.1416826,7.8310695,4.3249307,5.237713,6.6764193,2.684967,8.071692,6.8865013,4.7845,8.0805855
4007,-3.5160463,4.7406807,6.035486,5.539219,0.9273482,6.844606,7.3027377,2.181106,1.7266059,5.715319,1.4354954,3.5988858,7.116308,7.2372584,7.710409,1.7337694,3.778923,2.205253,7.1458654,5.1918364,8.592949,8.717381,7.4228973,4.4794655,5.7539535,3.9354289,2.7179234,6.1090474,5.2480555,2.128629,2.425186,7.4892616,4.4809875,5.0294294,6.627888,2.7534652,8.152951,6.9753714,4.7769575,8.322562
4012,-3.4591103,4.6489096,5.9566736,5.4764447,0.85905135,7.136958,7.421517,2.193164,1.9501866,5.915398,1.4458182,3.4479618,7.1369476,7.3251023,7.5901895,1.6900094,3.632987,2.248394,7.2438865,5.46961,8.509618,8.801807,7.3758817,4.4990387,5.5679574,3.8112972,2.655013,6.2213607,5.187395,1.9704329,2.3593817,7.443611,4.449999,4.9531393,6.649407,2.8673217,8.356008,6.9692073,4.798023,8.297455
4013,-3.6113484,4.3780136,5.5479565,5.7671766,0.79150873,7.0231795,6.7700887,2.2230089,1.3204309,5.504018,1.0627304,3.4248004,7.5393324,7.1208043,7.984255,0.8148754,4.234595,1.8782828,7.187702,5.2692933,7.9922547,8.951233,7.6908417,4.034549,5.8047047,3.5839756,3.1493316,6.1177454,5.5957556,2.4046574,2.0452728,8.018378,4.4115663,5.3089643,6.683963,2.5970347,7.8874316,6.727551,4.855968,8.069931
4015,-3.6475906,4.383793,5.502613,5.7971444,0.78509176,6.966728,6.637832,2.2519379,1.1492475,5.38704,1.007256,3.4655652,7.594464,7.036117,8.08555,0.6260406,4.380899,1.8103139,7.2015705,5.1574326,7.9273252,8.949854,7.7802615,3.9578383,5.8938313,3.6022277,3.232208,6.0615516,5.6860824,2.4821894,2.0164592,8.107198,4.4393377,5.390969,6.6834373,2.5169032,7.731975,6.657455,4.860386,8.048096
4016,-3.6282206,4.413636,5.541014,5.7519374,0.8079209,6.9566565,6.6840897,2.2598376,1.200643,5.421279,1.0416152,3.5027273,7.554714,7.056632,8.060773,0.7105556,4.329959,1.8263978,7.227057,5.154061,7.9795346,8.939137,7.745131,3.998164,5.8865857,3.6371946,3.1845844,6.068208,5.663785,2.4492173,2.0438352,8.063446,4.447597,5.390419,6.676158,2.5150218,7.767558,6.693822,4.8379703,8.067309
4017,-3.4854703,4.3880033,5.900096,5.2656007,0.61988163,8.198062,8.091637,2.2803562,2.601486,6.741564,1.7655864,3.0911267,6.8688345,7.340045,7.1996226,2.0163884,2.8094702,2.8033817,7.4137244,5.897291,8.658928,8.917682,7.319033,4.7147584,4.700075,3.692109,2.5321105,6.399825,4.752292,1.4611295,2.2952209,6.984565,4.564299,4.2497845,6.8152337,3.5288363,9.210117,6.8610444,4.9997954,8.528607
4018,-3.4805105,4.611261,5.90301,5.554756,0.60321796,7.4767647,7.584903,2.2068539,2.2178547,6.0654116,1.4547825,3.149634,7.218302,7.2652235,7.5093927,1.7418821,3.4455414,2.4238813,7.1286383,5.9298944,8.358544,8.865209,7.4911885,4.4988456,5.3556185,3.6199722,2.6786559,6.2841196,5.0591354,1.7770106,2.2390304,7.3341026,4.5177402,4.7068744,6.7372427,3.1274364,8.571923,6.7585464,4.9508953,8.325586
4019,-3.510252,4.3786306,5.910194,5.1740704,0.6549028,8.309845,8.183111,2.325536,2.62162,6.847474,1.8532108,3.1406307,6.7731314,7.3406997,7.162575,2.044006,2.705787,2.8803885,7.5098457,5.8281054,8.745797,8.898383,7.2865996,4.7575417,4.609307,3.7547069,2.5033958,6.394198,4.703828,1.410829,2.3351505,6.9094934,4.584586,4.174747,6.841724,3.5869975,9.275011,6.8906364,4.9799604,8.592949
4021,-3.7459357,4.3318524,5.4920735,5.7745233,0.6344498,7.2942924,6.8886356,2.2686996,1.3582891,5.6393976,1.1375606,3.2906418,7.527447,6.973792,7.9885554,0.7356162,4.0836325,2.0754879,7.194246,5.471724,7.9050603,8.967872,7.8262796,3.9730527,5.6108823,3.503295,3.2604458,6.0897956,5.5165,2.3478146,1.9674077,7.9501786,4.5311294,5.064073,6.807553,2.8310862,8.001919,6.555857,4.96612,8.196143
4022,-3.4674168,4.6760125,5.969915,5.4409413,0.91890275,7.0811815,7.3861036,2.2094085,1.8567,5.8806167,1.4596065,3.539001,7.0996017,7.3059587,7.621742,1.655403,3.6723747,2.2228835,7.294761,5.3265815,8.556827,8.772249,7.3699903,4.49459,5.6187716,3.8867779,2.6584077,6.1872754,5.2156415,2.0056405,2.393674,7.456474,4.4612327,4.9975123,6.6333447,2.8126183,8.290225,6.994885,4.7612543,8.311694
4023,-3.50083,4.41318,5.724804,5.781585,0.76696205,6.969455,7.0050545,2.088386,1.6902566,5.6391234,1.135366,3.2901533,7.4706836,7.2865844,7.781441,1.2676648,4.0033736,1.9784738,7.0279226,5.524744,8.136876,8.932043,7.5157843,4.2327967,5.728832,3.5319197,2.951328,6.234037,5.401956,2.2831333,2.1221972,7.8482566,4.3336396,5.1785445,6.6408596,2.7002828,8.144487,6.8609834,4.8653173,8.074307
4024,-3.4584093,4.433852,5.8772,5.681591,0.48103005,7.6402187,7.652821,2.1059525,2.460905,6.234831,1.4095204,2.8929377,7.3001,7.2949038,7.411829,1.8791462,3.2756302,2.4722157,6.9539247,6.264806,8.296926,8.946178,7.4521875,4.5339994,5.1619163,3.405161,2.705302,6.392692,4.952235,1.7614284,2.12944,7.3480077,4.4637213,4.5545664,6.7231874,3.2587812,8.843615,6.7422843,5.060705,8.274374
4025,-3.5934231,4.3721967,5.6160994,5.789958,0.7396534,7.056683,6.921635,2.1558247,1.5239409,5.611867,1.1169397,3.3077466,7.5084524,7.1828356,7.8759027,1.0340585,4.0716195,1.9831561,7.086401,5.466542,8.033165,8.953173,7.6274905,4.1169763,5.708277,3.5197349,3.0785444,6.1808777,5.4729023,2.3407924,2.0606456,7.91868,4.3893857,5.1660967,6.7044716,2.7241058,8.056732,6.7587976,4.89285,8.101366
4026,-3.820651,4.2256284,5.545964,5.8644605,0.5938449,7.2864575,7.0025105,2.1441848,1.5522437,5.7726917,1.2012608,3.1946778,7.5242825,7.015159,7.9228687,0.9623099,3.8832192,2.1789927,7.019541,5.6320386,7.873587,8.99777,7.7621856,3.9855433,5.4933004,3.3361673,3.2968073,6.1358376,5.4002967,2.4188452,1.9017591,7.9437857,4.507683,4.9099493,6.9032273,2.9937708,8.212684,6.607982,5.0456977,8.267079
4028,-3.478501,4.717043,5.9853525,5.4471974,0.8956827,7.134954,7.485239,2.239892,1.9505845,5.9348435,1.513692,3.5158083,7.072359,7.3219295,7.5758963,1.7443064,3.603855,2.305151,7.2688217,5.3817697,8.583365,8.779237,7.361181,4.5329304,5.5440345,3.887529,2.613315,6.206394,5.174831,1.9450458,2.4192386,7.367128,4.469013,4.9170437,6.684328,2.8928852,8.349766,6.9843006,4.780615,8.353029
4030,-3.44368,4.613492,5.941517,5.541933,0.61453915,7.4798293,7.6342044,2.1779056,2.29061,6.107393,1.4698972,3.1322176,7.192188,7.307001,7.4587035,1.8274622,3.3930237,2.4321997,7.1170087,5.950049,8.404901,8.8646145,7.4449043,4.5478153,5.3266373,3.6235828,2.6236668,6.30959,5.024526,1.7450241,2.2653723,7.2969403,4.501016,4.695939,6.7107234,3.132698,8.63448,6.797458,4.9460588,8.321599
4031,-3.438357,4.425883,5.605957,5.6294136,0.96015245,7.0091467,6.9567223,2.2255745,1.5796018,5.676886,1.1442693,3.544401,7.3984947,7.4143343,7.785517,1.1245579,4.101647,1.8794069,7.267404,5.253091,8.172674,8.956887,7.433463,4.2186007,5.717699,3.6710799,2.8837874,6.254753,5.5132194,2.2260542,2.1730928,7.850318,4.2810545,5.362304,6.621265,2.5767536,8.054116,6.999348,4.7233696,8.042257
4032,-3.6593964,4.3348527,5.590196,5.815273,0.6868193,7.130698,6.943498,2.1581025,1.5180255,5.6496143,1.137601,3.250123,7.5175495,7.128148,7.890428,0.99859124,4.0208,2.0442257,7.064758,5.5381784,7.9818373,8.966699,7.675007,4.0743704,5.6460676,3.4694808,3.1453443,6.167911,5.4516296,2.3618217,2.0208561,7.922347,4.4248796,5.0736904,6.7650294,2.8102314,8.098745,6.704973,4.9406395,8.147657
4038,-3.461213,4.29324,5.822282,5.5741944,0.48452687,7.9455147,7.8399034,2.1151104,2.5867195,6.5314436,1.5109329,2.8532164,7.159396,7.3115234,7.2937136,1.9299841,3.0224404,2.6207564,7.0863314,6.1908402,8.387985,9.014729,7.400154,4.573804,4.8608465,3.4115338,2.6883857,6.4526677,4.851566,1.6609402,2.1155672,7.2440243,4.4961476,4.365334,6.7566104,3.4331992,9.121759,6.7745595,5.1091065,8.344538
4039,-3.5315387,4.440487,5.6635623,5.7278075,0.78621805,7.089611,7.074563,2.1690345,1.6844324,5.7174835,1.194415,3.3296292,7.4159083,7.3058233,7.7612343,1.2452157,3.955447,2.060213,7.0928707,5.522743,8.137043,8.937162,7.526563,4.2263017,5.6325154,3.576907,2.9362488,6.2391224,5.3901367,2.2121654,2.1419094,7.770021,4.358059,5.100965,6.699809,2.7877088,8.155685,6.8434324,4.854148,8.127393
4040,-3.4859848,4.4335833,5.642634,5.6579046,0.9135188,6.983586,6.9072165,2.2074306,1.4993855,5.6131773,1.1353493,3.5202317,7.4232206,7.296777,7.849568,1.0619124,4.1251855,1.874471,7.2422085,5.234528,8.15813,8.928031,7.50764,4.1876926,5.7808485,3.666791,2.9544299,6.191387,5.5202746,2.2851393,2.1529613,7.8931003,4.342557,5.3482,6.6180067,2.560765,8.004511,6.917421,4.7605257,8.065225
4041,-3.4787042,4.6942654,5.9844594,5.436957,0.8766192,7.148952,7.4613194,2.2230709,1.9318539,5.9329424,1.4967195,3.4946885,7.0843596,7.3002973,7.590054,1.7206533,3.6004322,2.2922468,7.279901,5.404177,8.56417,8.7719,7.3796844,4.518462,5.5579596,3.8726008,2.636287,6.194917,5.171885,1.9500247,2.3970718,7.394335,4.4831734,4.91612,6.6634603,2.8898478,8.350042,6.9654045,4.7888684,8.346238
4044,-3.775254,4.28944,5.4999595,5.7997603,0.5599425,7.4092045,6.945991,2.2373707,1.4292659,5.712801,1.1492976,3.2011912,7.5260215,6.9226584,7.9615226,0.7549283,4.003872,2.1510549,7.1593437,5.58072,7.8959894,8.968659,7.859103,3.974802,5.5264106,3.4528594,3.2967498,6.0969152,5.4488406,2.3139906,1.9268206,7.92599,4.5648427,4.971361,6.8064365,2.904598,8.083594,6.489533,5.0236206,8.220173
4047,-3.7641194,4.277687,5.516347,5.8340197,0.61707526,7.259069,6.9465833,2.1947076,1.4575624,5.691814,1.1601523,3.1868083,7.5378237,7.036554,7.9360433,0.8641976,3.9794044,2.1157863,7.0810347,5.6151776,7.883235,8.994167,7.7651315,3.985035,5.5590124,3.408329,3.259625,6.138194,5.453159,2.3955216,1.9572855,7.9453487,4.483752,4.9603124,6.8649616,2.9233024,8.127243,6.6146097,4.999777,8.213679
4048,-3.7687168,4.2957463,5.49504,5.813378,0.6135764,7.284991,6.959093,2.2319138,1.4427809,5.6930923,1.1740122,3.1801565,7.532063,7.0392866,7.9385304,0.8431134,3.9745018,2.129468,7.111005,5.637431,7.871856,8.998978,7.7754097,3.97746,5.5454245,3.4220474,3.2513022,6.135911,5.462559,2.3772874,1.971735,7.9245114,4.491073,4.9333205,6.893736,2.9514318,8.12555,6.6094713,4.9931407,8.22868
4049,-3.4704726,4.3140893,5.8355227,5.641402,0.47056645,7.8509417,7.7604475,2.0960658,2.5501711,6.4420877,1.4618739,2.8337522,7.234886,7.307361,7.3355985,1.9113328,3.101885,2.5637133,7.004703,6.2660055,8.33566,8.999266,7.414557,4.5541058,4.946483,3.3790812,2.7123816,6.4410005,4.879284,1.7104305,2.098089,7.300109,4.4684734,4.418242,6.748316,3.3784447,9.052156,6.7615085,5.105,8.307428
4050,-3.6510456,4.3859925,5.4027777,5.8593864,0.839423,6.7321143,6.3150363,2.3176794,0.77603,5.1137853,0.87875086,3.6149313,7.7307377,6.9281635,8.297468,0.31036288,4.757306,1.5710928,7.2073097,4.837179,7.7798147,8.957124,7.944193,3.8041532,6.120639,3.6368184,3.3755953,5.9585137,5.9367223,2.6451664,1.9853204,8.29639,4.4353523,5.672006,6.6391363,2.2470324,7.314879,6.6113663,4.8261447,7.9678836
4051,-3.453907,4.433952,5.8798685,5.693462,0.48643813,7.61304,7.635417,2.0968106,2.4529784,6.21629,1.3973017,2.8931544,7.3116746,7.3012457,7.4164114,1.8779577,3.293646,2.4545758,6.9396596,6.2654037,8.291229,8.945729,7.4472885,4.5318484,5.1812162,3.3996112,2.707024,6.393552,4.960381,1.7773293,2.1292841,7.3624315,4.4533415,4.5726814,6.7156067,3.2412355,8.829112,6.749829,5.056679,8.262818
4054,-3.4892523,4.2413526,5.812021,5.629023,0.49588427,7.9439054,7.787854,2.080656,2.5681045,6.5479803,1.4854802,2.8191967,7.2062383,7.3306046,7.301231,1.9214559,3.0220654,2.586977,7.0255756,6.2481356,8.363064,9.0257435,7.3608665,4.564036,4.8379154,3.367889,2.7265706,6.4686933,4.845166,1.720113,2.0803154,7.298088,4.4391165,4.361558,6.7628922,3.4174488,9.156711,6.81159,5.113741,8.313813
4055,-3.4320393,4.544217,5.927097,5.601396,0.5752142,7.5188293,7.64088,2.1278977,2.3621762,6.1521482,1.4387327,3.0330124,7.2324967,7.32178,7.4273496,1.8679743,3.3508222,2.4328165,7.039776,6.055863,8.370826,8.900365,7.4286957,4.5500937,5.2692924,3.539491,2.642395,6.350922,4.9956365,1.7584398,2.221831,7.3184886,4.470791,4.654774,6.702396,3.1678762,8.7165785,6.7949405,4.986731,8.288799
4056,-3.780128,4.278495,5.496781,5.825565,0.6006578,7.29779,6.9475994,2.2178574,1.438693,5.696786,1.1643441,3.1809673,7.53809,7.0106864,7.94802,0.82606524,3.980105,2.1313088,7.1036396,5.624304,7.8676505,8.995726,7.7931366,3.9684799,5.5425277,3.4118273,3.2771683,6.127254,5.4585066,2.3847816,1.9497597,7.94109,4.5039406,4.9426,6.8783493,2.9409208,8.12024,6.5847645,5.0072346,8.226456
4057,-3.4553912,4.4122806,5.640716,5.7103553,0.8617707,7.0204635,7.037707,2.166188,1.7248267,5.706882,1.1537893,3.4001813,7.424871,7.4168797,7.7376285,1.2802458,4.0110073,1.9678109,7.1181736,5.4898458,8.14463,8.964259,7.4466214,4.2491155,5.6652484,3.5715353,2.8811576,6.2795916,5.4337773,2.2101917,2.1465468,7.8008885,4.284955,5.2350016,6.646695,2.6860554,8.151833,6.9540124,4.7950354,8.063472
4060,-3.4714625,4.3802915,5.8787403,5.3627353,0.5673372,8.118118,8.011998,2.239124,2.6071665,6.6615705,1.6820725,3.0182848,6.96962,7.327717,7.236824,1.9967505,2.8920631,2.7451112,7.3077903,6.012515,8.564222,8.943238,7.354871,4.6726365,4.757375,3.6077695,2.5679305,6.4108825,4.7913795,1.5063766,2.2452936,7.0542216,4.5471644,4.2935076,6.796144,3.4974515,9.16628,6.8220267,5.0314455,8.471342
4061,-3.4629211,4.4071407,5.8708057,5.6602554,0.46652812,7.7210727,7.7074156,2.1104815,2.5068533,6.3082914,1.4380237,2.8704727,7.2712216,7.292586,7.382178,1.9055922,3.206089,2.5191324,6.97407,6.282917,8.316219,8.958102,7.4454546,4.54854,5.087171,3.4007723,2.6986074,6.4072495,4.9175253,1.7235674,2.1227493,7.3123064,4.476248,4.494703,6.736327,3.312316,8.917916,6.737605,5.0791416,8.295015
4062,-3.5264058,4.3776007,5.928845,5.074439,0.7049952,8.4070425,8.273881,2.3680534,2.6294441,6.9411664,1.9372201,3.1995268,6.669141,7.3533645,7.1209164,2.062251,2.6121469,2.941957,7.617711,5.7346253,8.845197,8.865099,7.2553806,4.8064303,4.538864,3.8319561,2.4696047,6.388474,4.6536975,1.3642769,2.3858395,6.8357053,4.607762,4.124492,6.858693,3.628185,9.335699,6.9262533,4.941261,8.647416
4063,-3.7668464,4.381813,5.4474006,5.70665,0.6348817,7.3667917,6.8873115,2.3685012,1.285013,5.636123,1.163401,3.365538,7.504685,6.923318,8.027992,0.62833536,4.118885,2.0952086,7.306216,5.4102025,7.896583,8.957338,7.886776,3.9495478,5.6005177,3.5662353,3.2653255,6.049492,5.5608883,2.296547,1.977306,7.919807,4.586382,5.073905,6.8332863,2.8416994,7.933362,6.506761,4.9442177,8.232689
4064,-3.4672902,4.3112044,5.849025,5.495644,0.5216072,8.024012,7.9124527,2.1544755,2.6068842,6.6041265,1.5817343,2.909712,7.0834475,7.3267913,7.261227,1.9749813,2.9530838,2.6699965,7.162808,6.1365104,8.468315,8.987281,7.3620625,4.6227612,4.8009653,3.482288,2.6396136,6.445898,4.8135924,1.603242,2.1629786,7.168714,4.501601,4.3262577,6.770593,3.4619288,9.166175,6.8092265,5.079624,8.390213
5001,-3.5288506,4.4093018,5.568604,5.718941,0.86411715,7.008265,6.857485,2.2097971,1.4394424,5.5756383,1.096335,3.4637465,7.478529,7.274226,7.885722,0.9412538,4.184112,1.8829052,7.2047873,5.2765636,8.066495,8.95122,7.571547,4.121179,5.7701135,3.6195323,3.019566,6.191793,5.5493693,2.3195748,2.1082475,7.938301,4.339317,5.327368,6.660515,2.5972521,7.955783,6.8440638,4.791949,8.049234
5002,-3.4919095,4.401519,5.5808225,5.71283,0.9487553,6.916845,6.7578626,2.2022383,1.3508289,5.5209637,1.0577654,3.535087,7.4927487,7.3255506,7.9192915,0.89490265,4.2691236,1.765707,7.254452,5.1335745,8.078904,8.946062,7.5184045,4.0959344,5.8522487,3.6581986,3.0294576,6.183847,5.606607,2.3762057,2.1212754,8.022591,4.2981873,5.448204,6.6134815,2.4803808,7.8881564,6.937313,4.7399554,8.001309
5004,-3.519891,4.73057,6.034868,5.569567,0.92672974,6.7936454,7.2627416,2.1646883,1.6875535,5.673116,1.4079815,3.5981457,7.1423173,7.2305646,7.73328,1.7117004,3.820098,2.176804,7.111906,5.169749,8.579545,8.71803,7.433852,4.464316,5.788309,3.9231322,2.7420936,6.1012754,5.2665787,2.1672845,2.4160988,7.5228467,4.470073,5.05813,6.62205,2.7259202,8.118455,6.9717,4.7816153,8.300143
5005,-3.4448416,4.4558806,5.739566,5.649844,0.86128485,7.005114,7.0718713,2.139422,1.7184646,5.7167115,1.1915048,3.4074392,7.384096,7.3651032,7.7280674,1.29047,3.9625568,1.9745777,7.1721234,5.4157114,8.233212,8.919459,7.4346795,4.2967186,5.6980453,3.6313567,2.8439438,6.261321,5.3942533,2.1926937,2.1911397,7.775762,4.319712,5.222586,6.6187234,2.673813,8.167303,6.9522424,4.7864895,8.085863
5007,-3.6323774,4.3596663,5.5523844,5.8326335,0.732803,6.999414,6.751378,2.1843865,1.3196478,5.4696045,1.0364388,3.344108,7.58519,7.083715,7.997763,0.8142848,4.2439513,1.8906821,7.1055346,5.336135,7.953779,8.953404,7.728147,4.019289,5.816554,3.5305064,3.1840825,6.1143417,5.585918,2.4431362,2.0186205,8.04247,4.4141335,5.2697535,6.6906285,2.6229985,7.8793883,6.6764674,4.901417,8.060374
5008,-3.462334,4.3923793,5.575965,5.702241,0.98772,6.898527,6.7319736,2.199847,1.3364147,5.5300198,1.0481135,3.5636637,7.4933596,7.364379,7.9036217,0.88817203,4.2944007,1.7185938,7.289584,5.088861,8.083535,8.955247,7.487589,4.0912704,5.860247,3.6685953,3.017618,6.213343,5.620752,2.3753688,2.1345663,8.047916,4.2559395,5.4898167,6.6028104,2.4479432,7.882826,6.9772077,4.7037826,7.972337
5010,-3.6412566,4.396131,5.469922,5.8310227,0.8118509,6.870671,6.490588,2.2661068,0.9980218,5.2577353,0.9388839,3.5192285,7.6522474,7.012164,8.171571,0.5002574,4.548302,1.6971142,7.2044697,5.0371494,7.873968,8.950936,7.8269553,3.8992689,6.0020323,3.6233683,3.2799845,6.022716,5.7905784,2.5578408,2.0075915,8.199289,4.4273896,5.509039,6.655715,2.4036539,7.559551,6.6453676,4.8376827,7.995772
5012,-3.4551165,4.4380393,5.626659,5.698184,1.0121356,6.8499713,6.7462797,2.2056258,1.3885399,5.4922814,1.0372735,3.6022825,7.4903126,7.350421,7.935479,0.9580567,4.2774014,1.7086569,7.2515993,5.0636744,8.125984,8.942139,7.480302,4.1036716,5.9056244,3.7091582,3.0081635,6.177851,5.6516213,2.4119015,2.1496065,8.041621,4.2821817,5.5169992,6.566012,2.415387,7.8728657,6.9945297,4.7002034,7.9732933
5013,-3.6427763,4.405826,5.4562216,5.840222,0.8250793,6.780716,6.411914,2.2847512,0.92122746,5.1906357,0.9086814,3.5799527,7.687018,6.977302,8.229667,0.44609183,4.6347537,1.637912,7.2015543,4.9400215,7.8454385,8.952267,7.867622,3.8683932,6.072458,3.6430886,3.3082187,6.0005975,5.850212,2.6002352,1.9968888,8.243394,4.433808,5.599392,6.6451826,2.3161702,7.4607906,6.6352634,4.8255734,7.981027
5014,-3.4129415,4.532174,5.894241,5.671675,0.8401718,6.871815,7.103,2.0542016,1.7679102,5.660206,1.2125326,3.3739135,7.35623,7.3244433,7.7119403,1.4521027,3.925091,1.9749868,7.0906444,5.403557,8.330914,8.851744,7.4118285,4.3718557,5.8016906,3.6674109,2.7966394,6.233727,5.3294306,2.2077146,2.2491186,7.742624,4.3355355,5.215523,6.563819,2.6345706,8.1838255,6.9621043,4.795212,8.096221
5015,-3.6074522,4.409187,5.5091662,5.768843,0.8920197,6.9093275,6.5981135,2.2276156,1.0511737,5.368424,1.0082549,3.5337718,7.549071,7.12566,8.065332,0.47651008,4.475147,1.7313734,7.2752366,5.016212,7.9678984,8.938253,7.706648,3.9681697,5.946202,3.6713722,3.1982758,6.0777164,5.7014947,2.4811287,2.0703216,8.131519,4.3806305,5.491278,6.660513,2.4296176,7.6706734,6.7537494,4.789867,8.015626
5017,-3.6694572,4.361992,5.4436717,5.844267,0.76709014,6.930377,6.523889,2.274961,1.0260184,5.2982645,0.9502869,3.4748583,7.663587,6.981259,8.16534,0.49886566,4.50038,1.746982,7.18458,5.0970316,7.844095,8.961458,7.8592715,3.8854241,5.9484544,3.5808694,3.3065414,6.025085,5.7681513,2.5450494,1.9792472,8.184575,4.444928,5.451888,6.683381,2.4607725,7.601402,6.606683,4.875189,8.020652
5018,-3.5690856,4.43378,5.5591435,5.7382073,0.91757625,6.885194,6.6546254,2.2155306,1.1422391,5.400514,1.0327246,3.5547414,7.51498,7.1721797,8.02095,0.62271404,4.405857,1.745399,7.27131,5.0292172,8.032321,8.927114,7.6473284,4.0253534,5.942962,3.6944482,3.1297433,6.100851,5.667338,2.446992,2.1031642,8.084843,4.366602,5.4867315,6.637193,2.429242,7.7304173,6.8063498,4.768876,8.016629
5021,-3.5333664,4.74526,6.0125012,5.5914345,0.94110215,6.751441,7.217538,2.1747267,1.6594523,5.6309905,1.3956907,3.606115,7.150761,7.2154765,7.762696,1.6928437,3.8698008,2.1608498,7.096483,5.152447,8.558401,8.716999,7.455466,4.4316454,5.819802,3.9305336,2.774106,6.088231,5.301999,2.2038743,2.416777,7.5468345,4.480146,5.080276,6.632966,2.7030447,8.085015,6.958791,4.7758636,8.303304
5022,-3.6201985,4.415966,5.5171537,5.7361455,0.9024149,6.941885,6.6425962,2.2367578,1.0409764,5.4067874,1.0479918,3.536821,7.5085835,7.118675,8.04014,0.45543993,4.4479666,1.7715708,7.307902,5.0115123,7.990216,8.931701,7.704768,3.9780362,5.9109845,3.6903148,3.197602,6.0800724,5.671777,2.4558446,2.0899918,8.094939,4.3946786,5.4517283,6.68133,2.4669127,7.6998277,6.7555685,4.7840924,8.051689
5023,-3.4702296,4.6217027,5.920735,5.5599084,0.89330053,6.956384,7.2240906,2.152224,1.74398,5.7487836,1.3419057,3.4857366,7.223662,7.291557,7.6980753,1.5194266,3.8258154,2.1034994,7.198135,5.308322,8.438543,8.80643,7.4168277,4.409131,5.7186403,3.8015933,2.7555022,6.189708,5.2909627,2.1318047,2.330516,7.6058097,4.4142632,5.100689,6.622005,2.7291667,8.190815,6.9637213,4.7758937,8.2195015
5024,-3.6255462,4.3712544,5.4540544,5.8211956,0.79330266,7.05042,6.6720967,2.2437813,1.2079008,5.42997,1.002176,3.4026842,7.5884,7.133445,8.029092,0.6626005,4.354078,1.8301826,7.2069545,5.237994,7.9007645,8.965254,7.7406173,3.9558387,5.8332872,3.578881,3.2007864,6.110098,5.663265,2.4284039,2.0232506,8.0864,4.380103,5.3548326,6.7002735,2.5764542,7.783814,6.6796527,4.8511934,8.020814
5025,-3.4321697,4.519729,5.8738947,5.519454,0.8567629,7.1107054,7.2035713,2.14279,1.7905893,5.8256373,1.3013746,3.4175727,7.2806234,7.2974963,7.6762204,1.35163,3.8010492,2.045661,7.300007,5.3893414,8.372683,8.855671,7.4064465,4.3919635,5.6605525,3.7178946,2.761417,6.2417436,5.294244,2.0861976,2.2589602,7.670804,4.392778,5.1350284,6.601467,2.7249942,8.266992,6.9535317,4.7749414,8.166677
5027,-3.4927106,4.4152746,5.651745,5.723965,0.84427637,6.985767,6.964555,2.158706,1.6077281,5.638349,1.1310014,3.403299,7.4516687,7.3265166,7.8031497,1.1680284,4.0691214,1.9374021,7.128158,5.4037056,8.131602,8.9460125,7.504497,4.2061777,5.7275834,3.5884318,2.944758,6.232342,5.4666634,2.2739508,2.1337996,7.861749,4.3198524,5.2566752,6.643026,2.6500385,8.075905,6.8966618,4.81058,8.062281
5028,-3.6334674,4.381174,5.5319695,5.784142,0.7793479,6.983225,6.7006426,2.2366483,1.2355326,5.4361286,1.032477,3.4436455,7.5720267,7.060529,8.042597,0.7337036,4.3049407,1.8467113,7.18436,5.2171674,7.963594,8.94819,7.7445803,3.99777,5.8580465,3.591427,3.194824,6.0812125,5.643001,2.4521306,2.0275302,8.064433,4.4355607,5.3490453,6.678926,2.5529585,7.806878,6.6811438,4.866184,8.06064
5029,-3.4541757,4.402933,5.5726438,5.6840196,0.9737719,6.9431605,6.79022,2.2081208,1.3988163,5.5686917,1.077448,3.535541,7.469961,7.3903775,7.8658442,0.92812556,4.2383294,1.7656909,7.2770658,5.136787,8.104884,8.956924,7.467751,4.129441,5.8182564,3.6559782,2.9734337,6.2335114,5.584077,2.3361611,2.1459944,7.9949512,4.2576237,5.4443192,6.613885,2.4964154,7.9300256,6.9855475,4.710115,7.9919076
6001,-3.5880222,4.882199,6.0462713,4.714172,0.9739501,8.089874,8.160238,2.6710005,1.9961154,6.648988,2.1116037,3.867267,6.409827,7.096356,7.427291,1.5925412,2.9924877,2.888025,8.113248,4.9522905,9.091771,8.58407,7.4594064,4.7511044,4.9223084,4.432425,2.36856,6.1131234,4.908014,1.3533288,2.7204413,6.7299504,4.9285026,4.43996,6.7717566,3.2851698,8.658905,6.8667736,4.6371713,8.850046
6006,-3.617657,4.91367,6.0031004,4.6583085,0.95711356,8.211503,8.194281,2.7643645,1.971791,6.685478,2.155069,3.9384828,6.3887258,7.064432,7.430052,1.5738125,2.938514,2.952216,8.213775,4.89581,9.104381,8.575365,7.484952,4.7377033,4.8652463,4.486226,2.36071,6.0794168,4.926606,1.293639,2.7173483,6.6821585,4.9651957,4.3889465,6.791631,3.348803,8.657147,6.818636,4.637679,8.912474
6007,-3.6016781,4.96976,5.9894924,4.684501,0.89762044,8.199355,8.17499,2.7810571,1.9804288,6.62472,2.1155994,3.9058838,6.4359837,7.045572,7.4664392,1.5191175,2.9962754,2.9370327,8.20083,4.9409604,9.020467,8.580354,7.562121,4.714506,4.911432,4.462186,2.3571851,6.070168,4.953118,1.258187,2.7007468,6.6851068,4.9998426,4.4230623,6.8119383,3.3546474,8.604255,6.744612,4.653426,8.897216
6008,-3.6194754,4.911931,5.978542,4.6740675,0.9458173,8.195611,8.161959,2.7650883,1.9522943,6.6597395,2.1289456,3.9792793,6.439536,7.0841656,7.410795,1.595348,2.9320602,2.933065,8.227106,4.8991756,9.067161,8.594167,7.4675746,4.7116637,4.882941,4.438147,2.3688445,6.0762553,4.95308,1.3072501,2.6543427,6.715643,4.9293547,4.391046,6.804589,3.37301,8.654293,6.823906,4.6666584,8.906338
7001,-3.5913105,5.014546,6.263319,4.2640123,1.2084861,8.3017645,8.45601,2.7747805,1.8985461,7.0090556,2.4284139,4.2365184,5.999282,7.0989203,7.264087,1.5441031,2.558406,3.0620143,8.592577,4.3955183,9.467558,8.44177,7.28363,4.962585,4.754178,4.8044596,2.123135,6.143712,4.741969,1.1811206,2.9137917,6.480704,5.1211467,4.280936,6.8960776,3.397231,8.923432,7.029187,4.503635,9.075938
7002,-3.5848284,4.9046264,6.0728583,4.666762,0.9851143,8.116873,8.218049,2.6875544,2.009759,6.6863585,2.1557798,3.8623095,6.336,7.0713935,7.448083,1.5439628,2.9987645,2.9224126,8.150717,4.911255,9.140937,8.556661,7.4931655,4.7824645,4.896535,4.496577,2.3427966,6.1109037,4.8797646,1.3100489,2.7962801,6.6706033,4.987746,4.43243,6.767481,3.2736049,8.652686,6.8527093,4.598247,8.872541
7005,-3.5746622,4.9205685,6.1199126,4.6555448,1.0111182,8.052501,8.230251,2.6543534,2.0007126,6.6715946,2.166067,3.8473103,6.2925954,7.056945,7.4725113,1.5020161,3.0501783,2.9038987,8.129674,4.8904448,9.171935,8.534119,7.50921,4.807465,4.928714,4.5288887,2.3324847,6.1194577,4.8615828,1.3234092,2.866464,6.6604156,5.019342,4.466037,6.7470026,3.2160165,8.622681,6.866222,4.563944,8.857416
7007,-3.5921497,4.9640822,6.0228024,4.6280437,0.9249894,8.248912,8.24067,2.7840936,2.0112855,6.7071786,2.1683173,3.908825,6.3517256,7.0510693,7.452257,1.5137258,2.9435148,2.9763947,8.248404,4.890638,9.092418,8.55875,7.5464363,4.758012,4.859024,4.521301,2.3217833,6.0827575,4.904478,1.2204236,2.7478898,6.628221,5.030147,4.397091,6.8149004,3.3580647,8.651909,6.76586,4.6201935,8.923065
7008,-3.5725675,4.9166794,6.049196,4.69744,0.93535215,8.135723,8.237126,2.70163,2.0583034,6.663147,2.139707,3.7910266,6.347992,7.0538096,7.484797,1.511079,3.0572593,2.940915,8.12549,4.9627943,9.102461,8.565233,7.5645204,4.7724743,4.8897305,4.4853787,2.3469348,6.1050525,4.8826327,1.2635508,2.811392,6.6424356,5.0181684,4.4397535,6.7654867,3.2763863,8.619839,6.7927966,4.598039,8.861828
7009,-3.5698256,4.626358,6.0191007,4.738149,0.8907771,8.459117,8.371026,2.5915563,2.368698,7.007089,2.1639473,3.6283958,6.3928366,7.2536116,7.1701,1.902542,2.551425,3.0434718,8.0402975,5.2297196,9.1094885,8.694353,7.2699184,4.8544574,4.567979,4.234863,2.3401687,6.2553782,4.6932573,1.2445314,2.5752854,6.6513844,4.79896,4.1478405,6.8699975,3.5781212,9.177653,6.9531693,4.7716775,8.861026
7011,-3.5817811,4.9214873,6.074769,4.699428,0.9844693,8.027276,8.173691,2.6656682,1.9705263,6.601433,2.1198776,3.847194,6.356371,7.050066,7.5055876,1.48458,3.1161923,2.873956,8.109656,4.9135814,9.110803,8.554433,7.5340405,4.7618966,4.9678955,4.4923744,2.364708,6.104323,4.9115405,1.347449,2.8187063,6.704663,4.997128,4.4997163,6.741405,3.204141,8.558234,6.8357406,4.5796633,8.835031
7015,-3.579348,5.027691,5.9969854,4.661684,0.85537213,8.237722,8.216545,2.815043,2.0138962,6.6272583,2.125537,3.868078,6.4058056,7.0177913,7.5086584,1.4332217,3.0245256,2.963321,8.235288,4.942758,8.993972,8.5593815,7.6464634,4.7260194,4.909863,4.4986043,2.325789,6.061512,4.9429436,1.1754026,2.7400415,6.6282053,5.079253,4.4414515,6.8303733,3.3555024,8.577275,6.671614,4.628713,8.908635
8001,-3.5997698,4.9348893,6.0561957,4.478858,1.0742007,8.356073,8.2950735,2.8309066,1.954823,6.8843265,2.296223,4.1655407,6.255833,7.1392307,7.2788672,1.6317554,2.620588,3.010177,8.471533,4.7034774,9.254316,8.5056715,7.320924,4.802552,4.742962,4.5542083,2.2578964,6.0717397,4.868745,1.2149732,2.6549082,6.5831065,4.9810867,4.310508,6.8720584,3.450532,8.854881,6.9493117,4.5991964,9.033936
8003,-3.610955,4.9114113,6.023854,4.4554715,1.0108467,8.4889765,8.373239,2.8622222,2.026479,6.9790983,2.315763,4.115555,6.232061,7.136723,7.2636466,1.6447185,2.5528464,3.1035035,8.49094,4.727959,9.257558,8.544653,7.3443093,4.815207,4.6499095,4.5737057,2.2405944,6.091249,4.8245697,1.1395844,2.6731544,6.531845,4.9967246,4.22518,6.8886437,3.5343728,8.925905,6.9023194,4.6285686,9.057341
8005,-3.6622617,4.9461837,6.0487504,4.3588643,1.1072723,8.407092,8.347746,2.8633332,1.8834871,6.9405065,2.3579245,4.235272,6.188149,7.1027055,7.2720323,1.6096451,2.5783312,3.0668855,8.559565,4.621398,9.311948,8.523485,7.299332,4.810204,4.697766,4.6137695,2.2466178,6.0775304,4.8651347,1.2144701,2.6804836,6.5732703,4.997014,4.237944,6.895115,3.51576,8.848926,6.9671574,4.6082873,9.086065
8006,-3.609356,4.7665167,6.018944,4.5859466,0.9934791,8.443227,8.335504,2.7315502,2.138567,6.975705,2.2467213,3.9319875,6.319829,7.1884904,7.21878,1.7757214,2.5748403,3.0613887,8.288694,4.9145746,9.2176285,8.611582,7.2827783,4.819276,4.6265383,4.4316807,2.303711,6.159451,4.785828,1.2311093,2.6104543,6.619618,4.877331,4.1927624,6.8615413,3.5321462,9.016865,6.954457,4.693246,8.972141
8009,-3.6257038,4.927827,5.9810224,4.4782314,1.0072118,8.456312,8.314743,2.8923516,1.9629428,6.90795,2.2894955,4.183143,6.2833557,7.127989,7.2893357,1.6288027,2.6111195,3.0823727,8.5100765,4.691759,9.231319,8.546972,7.367846,4.7666793,4.6900506,4.567008,2.2674122,6.055001,4.8855944,1.1564697,2.6333654,6.567521,4.9774737,4.255737,6.8732905,3.5178447,8.84642,6.8789363,4.6322975,9.058103
8011,-3.6517146,4.8349767,5.9675903,4.513785,1.0394934,8.441081,8.287399,2.8378656,1.97038,6.9206557,2.276513,4.162344,6.326641,7.160291,7.2411976,1.7207,2.5877488,3.0603251,8.451337,4.7431645,9.2407055,8.581492,7.289468,4.762532,4.659017,4.4896517,2.307784,6.084611,4.879988,1.2301993,2.5645058,6.63028,4.8866982,4.213794,6.864915,3.5384972,8.89965,6.945748,4.6699605,9.037341
8013,-3.591637,4.829459,6.04664,4.6546874,0.99182135,8.228727,8.232623,2.6815264,2.0585785,6.798401,2.1671803,3.8966377,6.374953,7.1533794,7.313286,1.6970208,2.7800307,2.9511108,8.183519,4.9431634,9.148558,8.5982685,7.349559,4.7866855,4.800352,4.416855,2.3315306,6.1423244,4.850611,1.3079407,2.6544833,6.692766,4.8907914,4.331871,6.819619,3.4001033,8.840595,6.9298644,4.669555,8.89936
8016,-3.581609,4.8420653,6.0796857,4.6613293,1.0351396,8.124714,8.177042,2.6439927,2.0009043,6.7548833,2.1449237,3.9281948,6.3862634,7.170801,7.3104506,1.7022742,2.792275,2.890042,8.157828,4.9156294,9.152025,8.587676,7.3076496,4.784634,4.8724995,4.4124503,2.329837,6.1442127,4.8687267,1.3656598,2.6456287,6.743681,4.864811,4.386425,6.811621,3.3465526,8.816343,6.979402,4.660003,8.875516
8020,-3.6782818,4.891057,5.973994,4.4449286,1.0879478,8.398944,8.271192,2.8727148,1.8664916,6.8873343,2.3069375,4.280793,6.3052125,7.136829,7.2508354,1.6767997,2.5918274,3.0394547,8.534298,4.6577435,9.262395,8.5542965,7.273916,4.748274,4.6961036,4.5202603,2.2993767,6.057177,4.921882,1.2443635,2.5521636,6.6407266,4.905953,4.232779,6.8780723,3.5338235,8.835206,6.96759,4.6497555,9.070407
8021,-3.6335108,4.969423,6.0730186,4.388099,1.0878723,8.379525,8.341631,2.854771,1.8961419,6.917653,2.3352094,4.2260303,6.2020984,7.1060495,7.282845,1.5910646,2.6060052,3.0614316,8.552026,4.5917196,9.297886,8.514665,7.3305144,4.817889,4.7337513,4.633863,2.228837,6.079552,4.85965,1.1959832,2.705304,6.5645804,5.018933,4.265058,6.8944597,3.4879954,8.8484535,6.937059,4.5985413,9.069186
8023,-3.5891602,5.038324,5.9223223,4.790212,0.7548813,8.183365,8.087273,2.8132393,1.9946612,6.480499,2.0025373,3.7954109,6.5919,7.002918,7.54825,1.411535,3.1116114,2.8912585,8.126737,5.110265,8.795704,8.608814,7.7100453,4.634217,5.001975,4.3529067,2.3999615,6.0474005,5.0253396,1.2187742,2.610348,6.73974,5.040272,4.48919,6.8613887,3.3743575,8.508127,6.584482,4.7071953,8.850477
8028,-3.6859777,4.837916,5.900846,4.538504,1.0263798,8.408666,8.21675,2.8744812,1.8962873,6.8361897,2.2400901,4.239646,6.4009633,7.1475654,7.2701836,1.7103604,2.655324,3.0354,8.473172,4.71847,9.190557,8.605039,7.3097444,4.6990147,4.6949263,4.453768,2.3511705,6.0526104,4.956077,1.2619506,2.4959233,6.691128,4.8473816,4.2301025,6.8565955,3.5452402,8.809682,6.921019,4.6952114,9.034694
8029,-3.662823,4.9130406,6.1232314,4.344556,1.1775358,8.313724,8.339824,2.7706318,1.8707271,6.9470134,2.3628228,4.2167764,6.162323,7.1200476,7.237522,1.6510829,2.5769854,3.029179,8.515018,4.5887423,9.362899,8.5240345,7.2281075,4.8517423,4.730385,4.6182046,2.241413,6.1242204,4.8295517,1.2930013,2.706107,6.6169715,4.965017,4.2366467,6.8919697,3.4801643,8.897722,7.049441,4.606835,9.05741
8030,-3.581382,4.878819,6.024303,4.7205257,0.96862,8.070307,8.111522,2.6528509,1.9743319,6.6418505,2.0728457,3.9430993,6.5062647,7.177763,7.3174224,1.7005302,2.847223,2.8466558,8.132685,4.980212,9.036493,8.624925,7.333775,4.717829,4.9396195,4.3162994,2.35096,6.1278505,4.9430614,1.3660802,2.5443075,6.800451,4.834155,4.4167957,6.833289,3.3786995,8.753616,6.9294214,4.714622,8.8492775
8031,-3.57593,4.847889,6.038241,4.75281,0.985602,8.029353,8.084812,2.6185424,1.979522,6.6349173,2.0555239,3.9085994,6.5103793,7.1843414,7.3290377,1.709868,2.8752403,2.8229065,8.081611,4.992319,9.04231,8.625182,7.322196,4.7245073,4.95658,4.3143353,2.3681772,6.1382456,4.932984,1.4109215,2.5630808,6.82709,4.813342,4.438147,6.8100195,3.3345606,8.752363,6.9526424,4.705913,8.822887
8034,-3.6296155,4.7833424,5.9878654,4.5723257,1.0048921,8.437909,8.303454,2.7695994,2.0727868,6.9435425,2.2460718,4.0215015,6.3442297,7.180863,7.2260437,1.7646271,2.5891075,3.058022,8.343776,4.855238,9.214603,8.611142,7.2844048,4.7874413,4.6424446,4.439997,2.3143818,6.130955,4.8306274,1.2408139,2.5759706,6.639143,4.8650346,4.198221,6.86114,3.5391033,8.968858,6.948466,4.6958723,8.991457
8035,-3.6386032,4.8394403,5.956426,4.5771904,1.0036359,8.380949,8.239664,2.8136191,1.9793143,6.852559,2.219552,4.129662,6.3909345,7.164659,7.2622347,1.7225168,2.652221,3.0243733,8.393874,4.790723,9.179002,8.602275,7.314581,4.7386518,4.7139487,4.4467554,2.3257015,6.08708,4.903769,1.2535111,2.5445876,6.671314,4.86591,4.251706,6.8549995,3.5149558,8.863574,6.920247,4.6912875,8.996366
8036,-3.6138902,4.956483,6.0665197,4.467771,1.0436606,8.329748,8.314027,2.8143728,1.952018,6.8658285,2.2852228,4.1041594,6.234987,7.0967402,7.331225,1.578513,2.7058907,3.0364444,8.434181,4.6888766,9.255763,8.526197,7.3842406,4.807115,4.7682457,4.609596,2.2551157,6.0866027,4.860169,1.1977464,2.7333603,6.5812154,5.01786,4.308565,6.8535686,3.4297557,8.800957,6.89958,4.5994983,9.018872
8038,-3.567048,4.538836,5.9839563,4.826561,0.83324647,8.483017,8.364889,2.5356352,2.4648626,7.0163846,2.1137054,3.5013037,6.4638267,7.286232,7.14241,1.9706285,2.5394604,3.0379553,7.927737,5.383756,9.038426,8.753079,7.2563705,4.8459334,4.52693,4.113039,2.3783295,6.295659,4.67047,1.2672651,2.5160275,6.691287,4.735667,4.109961,6.8798356,3.6221912,9.250605,6.9494395,4.830825,8.812382
9001,-3.429206,4.57933,5.838367,5.4720416,0.90099144,7.159381,7.3613954,2.2262297,1.934502,5.9202576,1.3860672,3.485667,7.1796737,7.411847,7.594225,1.5911142,3.7097733,2.1779997,7.288931,5.4801645,8.429387,8.863695,7.3552394,4.4527855,5.5411487,3.7687678,2.6659045,6.2638493,5.261098,1.9775504,2.3169835,7.5003405,4.3914337,5.053195,6.645459,2.8197584,8.333925,7.017092,4.764243,8.236209
9002,-3.4185998,4.494704,5.762892,5.594424,0.9048299,7.0274153,7.177351,2.1729188,1.8305696,5.7900853,1.2539606,3.4588413,7.308279,7.4393764,7.663302,1.4584517,3.8834145,2.0343692,7.1954503,5.45614,8.306235,8.911315,7.371249,4.3643723,5.640784,3.6744733,2.7572725,6.279581,5.355959,2.1139858,2.2412803,7.6717143,4.313411,5.1892004,6.619775,2.7086189,8.231727,7.023921,4.762628,8.125741
9005,-3.3763206,4.4664106,5.8864822,5.749422,0.79751265,6.8725677,7.1467648,2.0073106,1.9560386,5.7050176,1.1770538,3.2707815,7.410017,7.4274654,7.642875,1.6166911,3.8800771,1.9893333,6.9673696,5.626503,8.289078,8.909336,7.36055,4.4035215,5.730098,3.5447187,2.7646635,6.3094273,5.2966685,2.1814404,2.2031782,7.734705,4.268851,5.182767,6.5634184,2.6865542,8.293863,7.008195,4.831218,8.054218
9008,-3.3705122,4.471356,5.873285,5.7028627,0.82202655,6.9135065,7.16897,2.0360527,1.9582924,5.7388535,1.1977932,3.3067293,7.383095,7.4429665,7.6309624,1.5999019,3.863253,1.9969852,7.027826,5.603103,8.305844,8.909702,7.3459215,4.4116445,5.7058635,3.5708141,2.7431135,6.3133254,5.2985516,2.1506884,2.2157412,7.712467,4.2724395,5.1865926,6.566333,2.689994,8.302076,7.025704,4.811722,8.06576
9009,-3.417693,4.530237,5.758562,5.510713,0.96138966,7.055992,7.211131,2.2243056,1.8004795,5.82368,1.3004371,3.5496967,7.2415695,7.449173,7.6567664,1.4457694,3.8677633,2.0522134,7.2932487,5.3642583,8.360091,8.894585,7.352391,4.380963,5.6257467,3.7552776,2.72166,6.2653584,5.3639483,2.079182,2.2849238,7.625379,4.333125,5.202493,6.622295,2.697883,8.216875,7.05537,4.724605,8.15972
9011,-3.3805013,4.4213324,5.834288,5.778485,0.7624308,6.9413605,7.162729,2.0176644,2.0149455,5.745834,1.1610173,3.218775,7.4428024,7.4552293,7.6233788,1.619773,3.8598244,2.0114772,6.9377236,5.731061,8.234943,8.9479065,7.3673477,4.389608,5.6613135,3.480466,2.7775412,6.3418136,5.2924914,2.1585903,2.160999,7.7327175,4.253781,5.14811,6.5858374,2.736868,8.340911,6.992334,4.857364,8.042343
9012,-3.3977494,4.4189887,5.735943,5.741872,0.8261069,6.9670696,7.129852,2.0922153,1.9230695,5.7464957,1.1624357,3.315115,7.4224906,7.4894533,7.6498113,1.5226071,3.9202807,2.000211,7.0141277,5.6356544,8.203812,8.966299,7.374703,4.34201,5.641118,3.5233967,2.7943168,6.3349147,5.35517,2.1629279,2.1645694,7.7396526,4.245718,5.1922584,6.6143937,2.7196865,8.272626,7.0095043,4.8177443,8.04726
10004,-3.6532276,4.7866507,5.8043027,5.4986577,0.3916929,7.741225,7.636696,2.485081,2.1752527,6.0125084,1.5384178,3.1566072,7.2582,7.0101805,7.664264,1.5352025,3.4676292,2.6231413,7.2509527,6.1772304,8.195572,8.803149,7.8037577,4.3907886,5.345535,3.643473,2.7808664,6.1440763,5.0821934,1.5887154,2.17189,7.222324,4.7520947,4.5451794,6.923336,3.330157,8.41819,6.4224353,5.007159,8.50186
10005,-3.6539078,4.778746,5.8529816,5.441399,0.4487554,7.7458363,7.700779,2.457092,2.1381855,6.070471,1.5869642,3.2077858,7.185585,7.0175505,7.621191,1.5506855,3.3954115,2.6513004,7.2950187,6.0821285,8.270732,8.797233,7.7313843,4.430908,5.3289733,3.6896853,2.7745607,6.1569576,5.046647,1.6171805,2.2087238,7.1822,4.744379,4.523106,6.9197426,3.3181276,8.464649,6.4939895,4.9999213,8.512448
10008,-3.7317657,4.5689583,5.6958003,5.3609657,0.5162535,8.000349,7.680588,2.5467691,2.079087,6.258156,1.6113704,3.2825937,7.1633863,6.961164,7.674076,1.4028276,3.3385782,2.681984,7.4807124,6.01483,8.240284,8.830711,7.7154536,4.385352,5.086664,3.652579,2.86213,6.139345,5.10977,1.701902,2.1700816,7.200759,4.735715,4.457805,6.9654174,3.399933,8.551239,6.5460896,4.9630284,8.561224
10010,-3.586323,4.751032,5.8910427,5.4829426,0.45690978,7.691248,7.709196,2.377386,2.2458208,6.0859256,1.5592675,3.1444619,7.1965036,7.1015363,7.558645,1.6813065,3.371505,2.613611,7.215288,6.1085153,8.303586,8.812607,7.6638694,4.4791985,5.3182974,3.65332,2.7089455,6.206299,5.0140405,1.6080018,2.2202346,7.1874638,4.6848817,4.5406985,6.8661933,3.2988641,8.537433,6.5502405,5.0019293,8.46594
10011,-3.727041,4.5741487,5.754219,5.339664,0.5255802,8.007769,7.7523284,2.5162308,2.1221476,6.3037543,1.6510082,3.276209,7.125412,6.9726653,7.6258926,1.4826595,3.2581146,2.7236717,7.4661436,6.038329,8.291849,8.818477,7.660298,4.434766,5.076321,3.6603074,2.8387575,6.1578712,5.0513864,1.6929718,2.189755,7.149887,4.7292824,4.410654,6.9685807,3.41478,8.612876,6.58403,4.9735093,8.570948
10013,-3.6758237,4.618219,5.6283884,5.36559,0.55989456,7.8995624,7.54025,2.6258879,2.0939963,6.1573753,1.550495,3.3656483,7.1988935,6.996646,7.767615,1.4221648,3.5197055,2.5655303,7.5362835,5.912748,8.247149,8.7949705,7.783529,4.374033,5.1299205,3.703226,2.7752979,6.0995235,5.227262,1.6646042,2.2190897,7.251652,4.7302437,4.5958443,6.8861628,3.337526,8.413253,6.5315657,4.865317,8.552598
10014,-3.7834344,4.5573993,5.694968,5.31326,0.5382025,8.045961,7.7036533,2.5811014,2.0181944,6.2952914,1.6553414,3.3385615,7.1318655,6.911513,7.6915174,1.3563181,3.2987542,2.7239957,7.540498,5.9886684,8.256488,8.812331,7.7076077,4.380507,5.0685077,3.6758432,2.9024394,6.118031,5.1031365,1.7306511,2.1688287,7.181936,4.7598033,4.416927,7.0015163,3.4178145,8.547605,6.5553246,4.9576497,8.599419
11001,-3.752032,4.758168,5.672728,5.2666183,0.5324364,7.9581513,7.628511,2.6706283,1.8575178,6.1259365,1.6355023,3.445915,7.0994773,6.895675,7.758851,1.1677608,3.4802427,2.65805,7.6594872,5.730525,8.252279,8.79393,7.861062,4.3054657,5.205852,3.8488076,2.8620105,6.053893,5.201093,1.616161,2.225911,7.210132,4.860797,4.574813,6.966305,3.3296194,8.319997,6.4332504,4.9120574,8.616891
11005,-3.7092981,4.7950716,5.6986356,5.2591715,0.53057575,7.93671,7.644977,2.667169,1.9109917,6.1214786,1.6346129,3.4372914,7.0880623,6.931947,7.734917,1.2226555,3.4772534,2.649932,7.649226,5.7285643,8.279124,8.782972,7.8574095,4.3390713,5.219997,3.8642612,2.8057184,6.063233,5.1933737,1.5677234,2.2560208,7.185646,4.8592987,4.59501,6.9402137,3.3244042,8.329146,6.4363027,4.900675,8.612365
11006,-3.7194405,4.802497,5.7107787,5.230597,0.53815955,7.9680023,7.6801825,2.667056,1.89508,6.152143,1.6611557,3.4529467,7.0566645,6.9233556,7.7195015,1.2142602,3.440328,2.6751857,7.680873,5.690109,8.301881,8.7829485,7.848147,4.346211,5.195107,3.8920531,2.8063877,6.063957,5.17644,1.5572749,2.264965,7.160879,4.873738,4.5735307,6.947266,3.3352072,8.348044,6.4415183,4.902836,8.627927
11007,-3.7070165,4.686559,5.66628,5.389706,0.48111147,7.9019704,7.584904,2.604391,2.0389314,6.1101947,1.5608339,3.3045077,7.209021,6.955165,7.7445297,1.3404089,3.4955637,2.615567,7.4811015,5.972695,8.195058,8.811109,7.8322387,4.336612,5.197824,3.6985686,2.8318503,6.0975056,5.1859775,1.6377903,2.1819398,7.2434583,4.777764,4.5617633,6.9391994,3.3522003,8.3918495,6.449046,4.935918,8.555347
11010,-3.7328672,4.636554,5.608138,5.355512,0.5193063,7.9584694,7.554427,2.660766,2.016019,6.1449513,1.5693381,3.3593647,7.200773,6.933947,7.787001,1.3042138,3.513693,2.612218,7.5556636,5.9416604,8.195014,8.805449,7.83507,4.321961,5.1444697,3.7055283,2.8492897,6.078263,5.2225094,1.6621336,2.1813369,7.253679,4.7781734,4.561052,6.9491234,3.3646402,8.379594,6.4681044,4.9012785,8.578149
12001,-3.458457,5.017422,5.9442773,5.0635853,0.6024414,8.02011,8.070673,2.572437,2.2574134,6.3161235,1.8081719,3.4631362,6.7835927,7.164039,7.413478,1.692741,3.1804528,2.795986,7.7154408,5.477885,8.61413,8.763836,7.681632,4.6112576,5.103146,4.1056547,2.3962007,6.162715,4.9899745,1.2232488,2.5010264,6.8142977,4.8777003,4.532402,6.83661,3.3803096,8.615387,6.5776925,4.8793216,8.657895
12004,-3.4799018,4.577578,6.0100727,4.952036,0.74354625,8.399609,8.361502,2.452848,2.582836,6.8861117,1.9966959,3.332185,6.5747786,7.358048,7.1003275,2.0571415,2.620074,2.9672332,7.7703314,5.5764318,8.92531,8.778739,7.3180904,4.8501096,4.6337266,4.0137973,2.3620045,6.3264656,4.6630282,1.2367202,2.4833107,6.7073946,4.7076263,4.19378,6.8565507,3.6077113,9.276791,6.884235,4.8666954,8.699416
12006,-3.4402628,4.987259,5.9110827,5.1966963,0.49858576,7.9985576,8.02578,2.527799,2.33803,6.2436314,1.7146454,3.3107448,6.909158,7.169195,7.43053,1.7203264,3.240222,2.766361,7.5663853,5.696715,8.482776,8.807921,7.732869,4.5757895,5.131746,3.9757028,2.4350202,6.1862154,5.000944,1.2296325,2.4328146,6.8591485,4.84473,4.5406923,6.843135,3.3946967,8.627342,6.5092597,4.93551,8.589466
12009,-3.726004,4.666115,5.6203156,5.3658686,0.49768478,7.9366713,7.561191,2.6229773,1.9384887,6.1140914,1.5565994,3.3427074,7.193883,6.9345617,7.763317,1.2180338,3.5225883,2.6052487,7.5450835,5.860114,8.173537,8.835387,7.858549,4.287659,5.1767373,3.7236767,2.8755505,6.0842605,5.226126,1.6637734,2.1708446,7.2730803,4.795684,4.585628,6.951609,3.3409145,8.364507,6.43774,4.9344053,8.559185
12012,-3.4554725,5.063546,5.8733926,5.1676545,0.49258706,8.006248,7.9971094,2.5949974,2.2535737,6.179188,1.7100986,3.3709722,6.9098544,7.128852,7.480947,1.6160399,3.3125217,2.7597756,7.634455,5.6040454,8.43918,8.802728,7.8137727,4.525255,5.1773553,4.029092,2.449315,6.1419263,5.062996,1.2069391,2.4383538,6.8624034,4.894407,4.58549,6.86253,3.3838618,8.527722,6.447975,4.9264894,8.611493
12015,-3.623383,4.782248,5.854026,5.5293403,0.39583012,7.675803,7.647224,2.424475,2.2270727,6.0074205,1.5285321,3.1200075,7.265337,7.0502477,7.626466,1.6188986,3.4466777,2.6063867,7.1838603,6.2150965,8.223023,8.802025,7.7515116,4.427914,5.373035,3.6203387,2.753601,6.1736627,5.0470037,1.6005049,2.1791275,7.2249517,4.715638,4.5486,6.8950567,3.3076124,8.454649,6.4621735,5.014748,8.4721365
12016,-3.5701044,5.049798,5.9559298,4.754509,0.77681524,8.206102,8.142469,2.8152971,2.0213387,6.519426,2.039128,3.7901978,6.5475345,7.0000105,7.539258,1.4282652,3.092278,2.9184773,8.153705,5.074428,8.842549,8.584816,7.7060146,4.673532,4.977272,4.392457,2.3624399,6.0492096,4.9922996,1.1790491,2.6480052,6.687952,5.0660334,4.4889946,6.8401566,3.358801,8.531849,6.5914927,4.682173,8.865366
12018,-3.4329627,5.058295,5.8985868,5.141006,0.50117725,8.048068,8.06427,2.5854084,2.3218877,6.241406,1.7408156,3.3620768,6.869329,7.158568,7.43412,1.6909598,3.243284,2.7937167,7.6448274,5.609669,8.488805,8.802002,7.77902,4.5693417,5.127078,4.042276,2.4049497,6.162223,5.0215993,1.1665359,2.4603217,6.8095174,4.888701,4.548805,6.8563504,3.4119816,8.59429,6.4758863,4.9264083,8.622031
12020,-3.4952693,4.485179,5.9851265,4.98582,0.7384543,8.433839,8.357524,2.4159076,2.626135,6.941163,1.9892511,3.274233,6.5919933,7.3752723,7.0807023,2.0876148,2.579034,2.9717462,7.7231355,5.635254,8.917501,8.809368,7.2744327,4.8530574,4.572181,3.9463344,2.3944008,6.3599854,4.635948,1.275226,2.449861,6.7398267,4.6615233,4.1501555,6.8592677,3.6331656,9.343302,6.917899,4.8904905,8.683023
12025,-3.4800117,4.521339,6.0041485,4.9369044,0.7557016,8.448644,8.394034,2.465111,2.6042857,6.948044,2.0108051,3.3439102,6.5594525,7.379411,7.0584874,2.086071,2.5577035,2.9915195,7.8062115,5.5639324,8.951333,8.799501,7.2906375,4.8527403,4.5668936,4.0189495,2.360615,6.3276134,4.641617,1.2340598,2.4607825,6.701148,4.695113,4.1519732,6.870462,3.6483698,9.356712,6.906445,4.883125,8.711373
12026,-3.5008419,4.5672693,6.0110507,4.9173374,0.7701748,8.430042,8.378692,2.4611917,2.570236,6.931454,2.031147,3.3576357,6.5362535,7.355788,7.092376,2.0518534,2.5826392,2.987951,7.8050013,5.539477,8.967113,8.767269,7.2911563,4.8626676,4.603016,4.035975,2.3651593,6.329809,4.6473927,1.2470567,2.498437,6.700112,4.7085085,4.1683693,6.859602,3.615949,9.294848,6.9116883,4.8522205,8.722546
12029,-3.595993,4.684324,5.868761,5.543005,0.4394596,7.671481,7.663048,2.3421862,2.2473562,6.086956,1.5180117,3.0917878,7.250286,7.0980754,7.5702395,1.668417,3.381632,2.5841968,7.1542068,6.181024,8.26338,8.833265,7.656656,4.460746,5.3112197,3.5805478,2.7538605,6.227152,5.0186114,1.6664109,2.175053,7.2474093,4.6545954,4.5366077,6.8551645,3.2935965,8.559497,6.554058,5.022741,8.4312105
12035,-3.5261893,4.49632,5.997839,4.903639,0.7845178,8.495953,8.407108,2.4403312,2.6124918,7.003964,2.0624247,3.3234773,6.5012627,7.3706527,7.0684333,2.0800962,2.524653,3.015526,7.799962,5.5616984,9.005522,8.7648945,7.2445197,4.892449,4.5385323,4.0030284,2.3838208,6.365344,4.5917444,1.2681618,2.5078704,6.6982684,4.680625,4.119287,6.858032,3.6452453,9.360093,6.9559884,4.8444023,8.729614
12036,-3.5668528,5.040582,5.949994,4.764271,0.7699587,8.20772,8.144034,2.7946427,2.0408132,6.5288987,2.0310597,3.8069189,6.54649,7.041102,7.498626,1.4687643,3.056101,2.9175684,8.139168,5.080159,8.853399,8.613554,7.672024,4.667584,4.966703,4.379329,2.3574483,6.0673275,4.9900446,1.1865957,2.6299021,6.697538,5.027582,4.459252,6.856222,3.3952837,8.5654,6.6202254,4.709758,8.860107
12038,-3.4397192,5.0575447,5.9360356,5.0837703,0.5579618,8.03249,8.077135,2.5881207,2.2990496,6.2854495,1.7872747,3.429505,6.8151236,7.159509,7.4231234,1.7094498,3.2015781,2.7992957,7.6969914,5.524578,8.572553,8.765356,7.7249894,4.609656,5.1162353,4.0899134,2.3774416,6.1590567,5.002121,1.1810682,2.4981096,6.7934275,4.8907094,4.537922,6.8358116,3.3974612,8.60314,6.528757,4.891089,8.650715
12043,-3.460757,4.8140264,5.924087,5.2214284,0.52848345,8.012599,7.997139,2.480873,2.4682121,6.3832965,1.7239457,3.2556446,6.9479,7.1740513,7.432994,1.8419888,3.1515148,2.7532644,7.508951,5.894421,8.542696,8.768664,7.619781,4.6661353,5.005483,3.8491335,2.427988,6.230844,4.95271,1.3224032,2.423559,6.880482,4.766106,4.448002,6.7855825,3.428727,8.75727,6.6016417,4.898777,8.58293
12044,-3.6287284,4.8432903,5.809246,5.4505,0.40365192,7.771294,7.6722507,2.514136,2.1687007,6.016831,1.561418,3.1906204,7.210174,7.0211577,7.6508603,1.5192236,3.4673855,2.6356304,7.3003554,6.1181903,8.225599,8.798284,7.8240714,4.3981986,5.33661,3.712005,2.7355182,6.133149,5.0901613,1.5286779,2.2114449,7.1794457,4.783653,4.5652432,6.9159718,3.33026,8.40306,6.409777,4.990114,8.523077
12046,-3.451752,4.5848546,6.029818,4.944595,0.74656504,8.407969,8.3970375,2.4516296,2.609961,6.8919306,1.9934922,3.3251503,6.5680623,7.3882737,7.0625067,2.0884514,2.5965202,2.967217,7.784969,5.5747514,8.937566,8.77498,7.3202734,4.867357,4.634497,4.0290046,2.3360627,6.326072,4.649221,1.2058027,2.4819975,6.681889,4.7125187,4.2028294,6.856353,3.6195195,9.320621,6.88149,4.8621564,8.688927
13004,-3.4993558,4.9559665,5.8227324,5.1976476,0.48657823,8.055416,7.9633346,2.5887196,2.233161,6.222064,1.6952306,3.3387086,6.941079,7.111411,7.4970365,1.5664159,3.2972074,2.7609382,7.620743,5.666854,8.399146,8.829684,7.8050237,4.4908304,5.1209555,3.9643433,2.5243564,6.1502314,5.0639668,1.2695217,2.3814697,6.9144425,4.870527,4.5502167,6.8918967,3.4074972,8.565476,6.457009,4.943656,8.603209
13006,-3.5377016,4.901449,5.8184037,5.23725,0.50269336,7.9812646,7.8747015,2.56608,2.1814992,6.191547,1.6714916,3.3382194,6.98716,7.089853,7.5372925,1.526755,3.3380299,2.7166307,7.579409,5.710523,8.383626,8.817783,7.781879,4.4690795,5.1587906,3.919006,2.5822875,6.1446195,5.0772424,1.3616782,2.350676,6.9963756,4.844141,4.565995,6.8885417,3.3696725,8.52203,6.478728,4.9343157,8.588846
13007,-3.5126662,4.585795,5.8350296,5.3036075,0.5459051,8.095637,7.9338217,2.3991175,2.4677792,6.4596376,1.6761271,3.1623838,7.004048,7.234946,7.365996,1.8211309,3.0914357,2.7360282,7.441285,5.95417,8.451936,8.892874,7.5199037,4.579941,4.9057317,3.7129886,2.573868,6.2796273,4.928918,1.4550956,2.2807286,7.028795,4.6587653,4.4084983,6.874248,3.4674146,8.894775,6.690628,4.9794984,8.539678
13008,-3.4753115,4.5722184,5.827541,5.36874,0.5113934,8.063691,7.9102654,2.363972,2.5228524,6.4373894,1.6190178,3.0902445,7.07025,7.2512507,7.367622,1.8509978,3.116897,2.700557,7.3595743,6.0538616,8.401634,8.909709,7.5239277,4.5835943,4.9131474,3.6422627,2.5617154,6.304342,4.9433866,1.4617,2.261422,7.0500374,4.633356,4.429976,6.8442235,3.460463,8.908382,6.6816173,4.9914436,8.492775
13010,-3.4636436,4.761938,5.8820357,5.2918997,0.4777922,8.020639,7.966716,2.4574928,2.5074937,6.379021,1.6718324,3.1696432,7.019748,7.172246,7.442487,1.8447622,3.1627777,2.7361221,7.431957,6.012406,8.462947,8.806587,7.6447377,4.6358047,4.9883122,3.759033,2.4709713,6.2527804,4.9632077,1.3505465,2.362061,6.924381,4.740225,4.432183,6.788078,3.4512024,8.786367,6.5717645,4.943673,8.544458
13012,-3.4813316,4.750213,5.9065733,5.308777,0.53384477,7.913967,7.900676,2.4108102,2.4078567,6.3119593,1.6607496,3.212623,7.0165687,7.197505,7.4314,1.8169774,3.2043993,2.6887376,7.4132233,5.917099,8.475572,8.8158045,7.583893,4.6023817,5.0763407,3.7797134,2.5141246,6.2436604,4.967392,1.4305913,2.349276,7.0028806,4.704674,4.4931293,6.80718,3.3801138,8.730712,6.6361322,4.9391026,8.528626
13013,-3.6175394,4.7199965,5.7513275,5.4430346,0.44606093,7.8475266,7.6554203,2.4897525,2.1707945,6.105319,1.5407722,3.1896813,7.206886,7.0527964,7.633363,1.4877267,3.4397576,2.6087027,7.351574,6.030372,8.221604,8.841072,7.777415,4.3892503,5.2230034,3.6754496,2.7530766,6.161578,5.1122656,1.5774922,2.1951232,7.2141533,4.738089,4.5678596,6.896516,3.3372498,8.481306,6.469846,4.9809113,8.50003
13016,-3.5166638,4.5854807,5.8111014,5.3317657,0.49976787,8.097707,7.920754,2.4182456,2.482761,6.4563737,1.6515716,3.1267087,7.046273,7.187625,7.417499,1.7976325,3.1164024,2.7323115,7.414577,6.03402,8.4165945,8.877665,7.577893,4.5796123,4.897348,3.6719046,2.5832703,6.2802954,4.9502563,1.4540806,2.2705858,7.0232735,4.679092,4.3910317,6.8438997,3.4811618,8.876626,6.6343727,4.9836626,8.527181
13017,-3.516424,4.6285963,5.804733,5.3268704,0.49365407,8.08027,7.9031405,2.4412491,2.4557912,6.4106917,1.6439041,3.1484206,7.054076,7.1743445,7.4421782,1.7650676,3.1619694,2.722546,7.430842,6.015039,8.396331,8.869773,7.6132326,4.562074,4.932644,3.6930072,2.5800014,6.259191,4.9783335,1.4424553,2.2797284,7.021917,4.6987634,4.4212136,6.848129,3.467261,8.822011,6.606482,4.974738,8.53215
13025,-3.4680715,4.730791,5.8590565,5.2875137,0.46195206,8.076188,7.984095,2.4734817,2.5479383,6.423367,1.6757933,3.149801,7.0250034,7.161564,7.445817,1.8478076,3.1363635,2.7565994,7.443305,6.059086,8.452952,8.811265,7.6541815,4.6429076,4.9352765,3.7345045,2.471962,6.25979,4.959672,1.3384534,2.3541126,6.9075394,4.7454286,4.3971367,6.790531,3.487253,8.826937,6.5595765,4.9470844,8.551972
14001,-3.861267,4.548437,5.383367,5.4374037,0.5208983,7.8308053,7.229605,2.6662707,1.4351026,5.9312735,1.4201849,3.4403028,7.3085456,6.7986856,7.963424,0.6614867,3.8396351,2.44762,7.608554,5.57802,7.942411,8.936974,8.017911,3.991121,5.2728734,3.7018886,3.1919346,6.0013466,5.472419,1.9522204,2.0282097,7.582802,4.81367,4.7557616,7.0165825,3.2084239,8.090206,6.345918,4.942789,8.502424
14003,-3.842564,4.5559716,5.429432,5.434465,0.5115197,7.852676,7.2903395,2.6444044,1.4923043,5.955131,1.4390348,3.4122677,7.2957215,6.8211107,7.9307117,0.7183518,3.782205,2.473328,7.5881095,5.6122775,7.9736805,8.921402,7.9965706,4.0364904,5.2647796,3.689685,3.1422944,6.018,5.4245725,1.9067645,2.042203,7.535522,4.812745,4.732394,7.008725,3.2284086,8.136705,6.359791,4.9553943,8.506014
14004,-3.7983367,4.6095986,5.507813,5.393504,0.5087357,7.897594,7.40979,2.6384408,1.6473523,6.019449,1.4953393,3.396604,7.2419443,6.8627954,7.8601203,0.89417243,3.674002,2.5339315,7.5884895,5.6746373,8.056173,8.888943,7.947517,4.130524,5.2320185,3.7174015,3.0361674,6.04108,5.34447,1.8050492,2.0943973,7.4259467,4.818211,4.6718683,6.993451,3.2723181,8.221581,6.3882833,4.9509563,8.534675
14005,-3.6757681,4.4644704,5.3420568,5.817319,0.8474839,6.65406,6.1745567,2.4158704,0.64084256,4.984845,0.85156125,3.7790244,7.757184,6.8303213,8.424554,0.22479963,4.9220495,1.4981623,7.277913,4.6586328,7.749662,8.934161,8.076851,3.7470875,6.236852,3.7263474,3.3963351,5.881512,6.0724454,2.659205,1.9886937,8.333025,4.4938965,5.7995477,6.645692,2.1471245,7.1011133,6.575583,4.7962184,7.9848266
14008,-3.7536452,4.6730404,5.555152,5.3429565,0.5175497,7.9347258,7.505169,2.647542,1.7442175,6.06587,1.5382775,3.4086258,7.1782227,6.8976502,7.802157,1.001448,3.604849,2.5753877,7.622573,5.663729,8.126463,8.873535,7.917391,4.192518,5.202516,3.7778401,2.955367,6.053653,5.302841,1.7124306,2.1519334,7.3335567,4.829688,4.6513886,6.974697,3.2963583,8.277081,6.4033723,4.936538,8.55524
14009,-3.8815506,4.532704,5.396747,5.418426,0.5178368,7.866488,7.254564,2.677183,1.4461086,5.9655323,1.4534612,3.447144,7.3077416,6.7835455,7.9696198,0.6698765,3.8007789,2.479041,7.6162977,5.6188645,7.9548736,8.911776,8.018243,4.0116186,5.25218,3.6763175,3.1846225,5.996051,5.4451065,1.9371634,2.0150414,7.5643263,4.830695,4.7146273,7.0371795,3.2361507,8.098492,6.355203,4.943589,8.533821
14011,-3.883282,4.539138,5.3577175,5.428482,0.522215,7.8364706,7.2044497,2.6899338,1.3958676,5.9314713,1.4237216,3.461191,7.3150887,6.7740993,7.986764,0.6195105,3.858542,2.4481866,7.6293855,5.5686593,7.925993,8.937431,8.037268,3.9693878,5.2668715,3.7004178,3.2226076,5.987933,5.4918213,1.9704783,2.014034,7.601353,4.8254905,4.7607646,7.032518,3.2114096,8.064589,6.3358164,4.9374094,8.512658
14012,-3.8173442,4.551029,5.4820914,5.453865,0.510628,7.8336086,7.318364,2.598539,1.5641738,5.9625163,1.4459231,3.3732972,7.3041453,6.858041,7.9000926,0.8019423,3.7426078,2.4773774,7.530464,5.657422,7.9993396,8.903638,7.957306,4.0831013,5.2784247,3.6569052,3.090054,6.0385213,5.376988,1.8970622,2.0463526,7.520767,4.7913704,4.706353,6.996994,3.2300763,8.172233,6.3974514,4.965469,8.501755
14014,-3.8529105,4.5823197,5.410383,5.4084477,0.49488202,7.881536,7.3192873,2.6614537,1.5121506,5.9559007,1.4431683,3.4290774,7.2663507,6.80865,7.946827,0.75163406,3.791396,2.4918113,7.6085005,5.5671406,7.9522576,8.94222,8.023831,4.0114875,5.2387357,3.7326152,3.1084356,5.999251,5.451687,1.8564261,2.0525863,7.4944587,4.839528,4.7481637,7.0213547,3.2463686,8.1189165,6.3244324,4.959009,8.519876
14015,-3.8769112,4.5401177,5.399697,5.4186406,0.510451,7.8733573,7.2689557,2.6739452,1.457802,5.9656677,1.4520022,3.4383528,7.301871,6.7880316,7.9629006,0.6803101,3.7948575,2.4843693,7.613261,5.6152816,7.953181,8.917582,8.020248,4.0123515,5.247917,3.6819427,3.1722221,5.998485,5.4425554,1.9220966,2.0201435,7.5511284,4.832728,4.7177596,7.0359526,3.2425156,8.107436,6.3479695,4.949616,8.531033
15001,-3.5947106,4.422371,5.397696,5.8098536,0.9405524,6.49186,6.1932244,2.409859,0.58900756,4.963224,0.8612037,3.7802556,7.768253,6.8587728,8.394278,0.23791096,4.952222,1.4211518,7.226326,4.5644913,7.758359,8.9493685,8.018069,3.766683,6.259819,3.6933804,3.416597,5.892269,6.102299,2.7077348,2.036099,8.333761,4.43139,5.8810267,6.5783677,2.0357451,7.0600333,6.639239,4.754166,7.9491196
15003,-3.5936608,4.446006,5.561644,5.749371,0.86907333,6.841225,6.6228886,2.249237,1.1449623,5.3476167,1.0125767,3.5728307,7.556833,7.087462,8.07925,0.69770294,4.4121923,1.751876,7.2313867,5.0378428,8.0079365,8.928203,7.715262,4.0065603,5.977332,3.686134,3.1613739,6.0653796,5.7037325,2.4830365,2.0734515,8.097962,4.4171004,5.4918275,6.6375136,2.4158313,7.6963177,6.73883,4.7954297,8.02697
15005,-3.5969932,4.4646273,5.4770885,5.8559136,0.90531266,6.5369487,6.2236404,2.2873793,0.77216154,5.0288954,0.83066034,3.7407422,7.7481766,6.9803715,8.339179,0.38590991,4.8474216,1.4510446,7.2068944,4.717843,7.818754,8.950568,7.8778615,3.8292942,6.2570586,3.719142,3.3242743,5.9845257,5.9824433,2.7000992,2.004117,8.349871,4.4013443,5.836049,6.587624,2.0836427,7.241958,6.684459,4.742039,7.9076223
15006,-3.6195807,4.4065433,5.343205,5.823168,0.90630823,6.544706,6.13624,2.4144526,0.56805,4.982533,0.84676254,3.800515,7.804283,6.8378263,8.448556,0.21875535,4.9783587,1.4113606,7.229694,4.585249,7.715382,8.970231,8.067891,3.718497,6.2401633,3.6778598,3.4430356,5.915087,6.1258802,2.7175946,1.9777133,8.365964,4.4263,5.889203,6.605712,2.0485055,7.035514,6.6339173,4.750508,7.9565067
15007,-3.550987,4.5291395,5.5840473,5.7668815,0.94349563,6.5036945,6.358781,2.2811124,0.9195915,5.0994053,0.9088068,3.7940452,7.654829,7.021744,8.259258,0.6051418,4.709476,1.5184226,7.222269,4.7342935,7.9554663,8.922368,7.7893167,3.94255,6.2391853,3.7809741,3.2063165,6.019962,5.8997216,2.626793,2.0717218,8.238364,4.411457,5.79777,6.5682216,2.1116896,7.365255,6.7514844,4.7007055,7.9475102
15008,-3.6167843,4.4338813,5.382727,5.8768544,0.8988971,6.5260544,6.1095114,2.3516243,0.61921525,4.9681797,0.8043774,3.774142,7.806892,6.8902287,8.427108,0.25063464,4.9770527,1.3895012,7.217293,4.6327415,7.7269735,8.9699335,8.015773,3.7428331,6.282538,3.6991873,3.4092693,5.9497137,6.0788074,2.7429054,1.9670055,8.406558,4.4124393,5.900488,6.5968347,2.0292816,7.0850344,6.648033,4.7460513,7.9094095
15009,-3.6422508,4.4641304,5.3646355,5.8176537,0.87958074,6.5552144,6.1390758,2.3937879,0.64572984,4.9680552,0.8344038,3.8226023,7.778141,6.8474236,8.444623,0.26618984,4.9489474,1.444068,7.2440305,4.6127615,7.7615933,8.941984,8.055635,3.7516773,6.275524,3.7256405,3.3860815,5.9077287,6.0997124,2.6951115,1.9853019,8.358211,4.4534464,5.871773,6.615858,2.077892,7.0747104,6.6239924,4.760574,7.959
15010,-3.6253867,4.5052934,5.4071574,5.847735,0.9000411,6.4925594,6.104757,2.3571036,0.6451902,4.923732,0.80263734,3.8148892,7.77322,6.8851795,8.433242,0.28043506,4.9765844,1.4156836,7.223368,4.591248,7.798863,8.932931,8.006191,3.777033,6.3514276,3.769856,3.3471956,5.9107037,6.069811,2.7289388,1.9970251,8.390082,4.4369855,5.911456,6.5906286,2.025143,7.074904,6.6380663,4.752164,7.918481
15011,-3.5666122,4.5121317,5.4973435,5.7977395,0.94552505,6.400044,6.164586,2.3414946,0.71973145,4.961863,0.8381468,3.8689759,7.7582707,6.9403343,8.408422,0.4069102,4.9367023,1.375351,7.238501,4.5779185,7.821181,8.946992,7.9191413,3.8249307,6.3305926,3.7756732,3.3208618,5.973418,6.0734854,2.7093818,2.0222876,8.346977,4.4226394,5.961551,6.5655937,1.9667698,7.1187315,6.707372,4.673626,7.916291
15012,-3.551571,4.4848447,5.5441017,5.815745,0.95228255,6.419981,6.243717,2.2825284,0.79218155,5.019288,0.8486589,3.8256338,7.737697,6.994788,8.338742,0.48942682,4.84105,1.4139329,7.2036552,4.658529,7.851305,8.945542,7.8355565,3.863763,6.2838426,3.738582,3.301333,5.99919,6.0032167,2.7027502,2.0376105,8.325808,4.392691,5.9000783,6.5546837,2.0162206,7.227582,6.7339296,4.69209,7.9041824
15013,-3.5705526,4.5111217,5.5381556,5.7810926,0.93205917,6.5076084,6.3172364,2.3062503,0.8461211,5.054793,0.8899201,3.781902,7.678995,6.9837923,8.292348,0.5238382,4.7697005,1.5033325,7.22582,4.701558,7.9133973,8.923049,7.845819,3.904799,6.2541547,3.7668064,3.2489476,5.981676,5.947114,2.6414423,2.0632014,8.263207,4.427186,5.8143396,6.5737762,2.101552,7.2961106,6.712056,4.723484,7.9452252
15014,-3.5771382,4.5110292,5.5114207,5.8434834,0.94806606,6.4062247,6.175371,2.2917614,0.6994384,4.932678,0.8138926,3.8117557,7.7416806,6.966793,8.370344,0.37780282,4.9301853,1.3989925,7.210613,4.59646,7.842826,8.923394,7.8836617,3.8400438,6.359568,3.7736218,3.313576,5.9348774,6.033592,2.72516,2.0477142,8.3640375,4.4135942,5.928553,6.552857,1.9888065,7.137031,6.6847324,4.724277,7.8878036
15016,-3.5681024,4.4766493,5.554379,5.77215,0.8999798,6.6396503,6.455322,2.2816455,1.030904,5.19298,0.93186,3.694771,7.641581,7.050734,8.193856,0.69358593,4.5907273,1.6066374,7.206195,4.8747115,7.960049,8.93517,7.7663126,3.9587538,6.127701,3.719116,3.1951241,6.0363073,5.8390045,2.5775945,2.0586748,8.194471,4.4106045,5.6749578,6.593931,2.241046,7.502932,6.7432613,4.7510457,7.9698057
15017,-3.6096387,4.436329,5.439364,5.829084,0.8950098,6.5604734,6.2264385,2.3308666,0.7302606,5.027838,0.84938604,3.7535822,7.757831,6.929886,8.361551,0.36197856,4.8634305,1.4565011,7.2295437,4.6938686,7.783936,8.954825,7.939448,3.8028512,6.226442,3.6969798,3.3631158,5.960534,6.0294156,2.6826513,2.0036232,8.33215,4.429805,5.82971,6.6004667,2.0968814,7.1980724,6.660302,4.748749,7.937108
15018,-3.5488605,4.5369067,5.6148815,5.7355123,0.94566727,6.5964694,6.474533,2.2588701,1.0045582,5.184458,0.96671027,3.7408874,7.581226,7.05987,8.1739855,0.6592345,4.5940394,1.6050469,7.2418585,4.8037696,8.025835,8.903497,7.736301,4.0013723,6.1717677,3.7907708,3.1485536,6.0351334,5.809544,2.5564547,2.1090684,8.161382,4.4138665,5.6994066,6.579457,2.202055,7.4846487,6.7716565,4.7163105,7.9816217
15019,-3.5877385,4.5509315,5.513968,5.8954167,0.91577095,6.454859,6.137567,2.2634168,0.7769872,4.9562244,0.7773596,3.7606604,7.7551584,7.0112405,8.3621025,0.3931146,4.909613,1.4046428,7.191556,4.680611,7.857742,8.941665,7.8438416,3.8457053,6.3794928,3.803183,3.270454,5.9901476,5.9601326,2.7515764,1.9988333,8.40746,4.389693,5.9032764,6.5677495,2.005312,7.214285,6.68993,4.7199025,7.8588033
15020,-3.5488448,4.5015664,5.6165333,5.7374983,0.9144209,6.686941,6.5736027,2.2478333,1.1355641,5.275386,0.9925469,3.6647868,7.564229,7.101672,8.106419,0.79507226,4.4725184,1.6802849,7.2137156,4.933387,8.048169,8.912621,7.6929255,4.035495,6.077042,3.7414296,3.1185439,6.0636578,5.7426763,2.5116086,2.1049225,8.110991,4.403802,5.596091,6.5927615,2.3069768,7.6224213,6.78601,4.749294,7.99908
15021,-3.5964718,4.515958,5.5102973,5.882771,0.91142744,6.514723,6.2113643,2.2519453,0.78563964,4.9887614,0.8072855,3.7086031,7.7254157,7.014961,8.31673,0.37754536,4.858608,1.4555273,7.1988378,4.7158995,7.8648634,8.929761,7.8356175,3.8603861,6.323258,3.7695582,3.2778096,5.970181,5.9407873,2.7106152,2.0252223,8.364892,4.4004273,5.8407016,6.5750194,2.0689325,7.257306,6.676753,4.7537365,7.8796315
15022,-3.5548701,4.573453,5.578028,5.820722,0.94576377,6.400443,6.218287,2.2652068,0.85203546,4.983634,0.8259448,3.8315775,7.713665,7.0188146,8.33503,0.54499924,4.8423142,1.4199388,7.2087855,4.65674,7.9183836,8.923836,7.8040648,3.9046152,6.363049,3.8212147,3.2228327,6.0010166,5.961672,2.7034464,2.0460613,8.335455,4.4057446,5.912655,6.5493565,1.999499,7.2533073,6.7373195,4.6839585,7.888166
15023,-3.6302817,4.4166913,5.4013968,5.8767686,0.8801308,6.587553,6.1720853,2.3293798,0.6613647,5.0039253,0.8245095,3.7197967,7.7849336,6.915412,8.38446,0.25340146,4.9122224,1.4451543,7.2101736,4.6945553,7.7396936,8.96421,7.96834,3.7586458,6.2376747,3.67783,3.4065433,5.945211,6.031267,2.7184684,1.9741825,8.376619,4.4200883,5.826532,6.60952,2.0954106,7.155452,6.6286454,4.7760754,7.9233894
15024,-3.5885272,4.4803658,5.490165,5.7707644,0.89864266,6.5461006,6.281522,2.3495326,0.8409246,5.0846953,0.88790876,3.8126228,7.7267365,6.9430046,8.338694,0.518268,4.777947,1.4930762,7.234991,4.7227335,7.8566136,8.958762,7.8942585,3.856195,6.2113147,3.7366207,3.2940025,6.00513,5.9881577,2.6533446,2.0146465,8.280174,4.4359684,5.8124943,6.601672,2.1140091,7.2790103,6.6985154,4.708759,7.9658446
15026,-3.5900764,4.613939,5.528659,5.844642,0.94107175,6.382621,6.1267295,2.2921014,0.7216206,4.8614855,0.78579956,3.8241735,7.7165127,6.963995,8.3834715,0.3783194,4.968807,1.3969313,7.2334905,4.5561433,7.904031,8.890689,7.8890047,3.8716245,6.4653234,3.8744354,3.240625,5.906944,6.0150995,2.7235768,2.0647721,8.377974,4.447774,5.95921,6.548174,1.9575208,7.116815,6.669725,4.723013,7.875762
15030,-3.5541415,4.5419283,5.559202,5.8592653,0.9380604,6.3996825,6.174116,2.2587543,0.83219594,4.997367,0.8002735,3.8253124,7.7564483,7.0277023,8.357758,0.49897075,4.8619504,1.3892308,7.1821256,4.6804004,7.8718896,8.952452,7.804385,3.86824,6.351118,3.7889352,3.2584105,6.029426,5.9658184,2.7469602,2.0019684,8.381302,4.372857,5.9246283,6.552952,1.9842254,7.2463074,6.742277,4.6763606,7.8660517
15031,-3.6536613,4.383822,5.4757338,5.7954016,0.8223086,6.9607563,6.579466,2.2539709,1.049777,5.3564515,0.9903723,3.4969325,7.593162,7.044772,8.110585,0.47071266,4.464607,1.7628125,7.2494273,5.0780087,7.9128866,8.949353,7.780341,3.9270089,5.925697,3.6284742,3.256995,6.0527678,5.717236,2.505616,2.0185595,8.153011,4.4250355,5.448556,6.684083,2.4697878,7.668629,6.668907,4.8358083,8.031576
15032,-3.5904026,4.3587885,5.325248,5.806184,0.93448263,6.5125136,6.1534514,2.4342813,0.5324456,5.020968,0.8720087,3.8191936,7.8189616,6.828279,8.465804,0.20704488,4.9766064,1.400067,7.2037773,4.5592885,7.696732,8.994337,8.0900545,3.7042394,6.193982,3.6333075,3.4764786,5.933971,6.165481,2.73067,1.9752778,8.352645,4.393823,5.9040356,6.592879,2.034738,6.999744,6.659177,4.7343283,7.9639115
16001,-3.5873504,5.055982,6.28352,4.31559,1.2276748,8.179412,8.3577,2.7530253,1.8400205,6.944632,2.3849185,4.234567,6.0249147,7.076314,7.3078904,1.5101215,2.6428525,3.0086372,8.552243,4.3630147,9.477984,8.414277,7.2819076,4.9160857,4.8526855,4.8545904,2.1535738,6.1219034,4.7734575,1.2318255,2.9140737,6.539092,5.1253138,4.359601,6.853623,3.2941275,8.846649,7.0316024,4.487544,9.056519
16004,-3.5958006,5.0087442,6.284353,4.2904925,1.2160007,8.234095,8.415602,2.7360125,1.8854676,6.988936,2.4073453,4.2080626,6.009402,7.0870633,7.2839165,1.5461701,2.59767,3.028089,8.5451,4.411896,9.469432,8.436001,7.273059,4.95329,4.7864504,4.7992487,2.150237,6.156233,4.7399263,1.2253457,2.9160135,6.5196667,5.1079607,4.3056283,6.864709,3.3513515,8.894672,7.043574,4.5036364,9.051083
16007,-3.5565991,5.0526433,6.2942696,4.305135,1.193124,8.230847,8.421182,2.7563262,1.8973013,6.9669814,2.3937871,4.2136993,6.0067835,7.097976,7.290171,1.5164601,2.61397,3.0468419,8.56345,4.3556547,9.472959,8.420693,7.3142104,4.9518223,4.8203692,4.8478374,2.1094666,6.1327906,4.748285,1.1654518,2.9518092,6.482966,5.1476116,4.3365803,6.872399,3.331273,8.895683,7.0001507,4.4819427,9.0557995
16012,-3.5914037,5.0319285,6.3128724,4.2592435,1.2283065,8.225263,8.445625,2.7548416,1.840532,6.9720845,2.4031203,4.2663226,5.9991894,7.0582385,7.305608,1.475893,2.6288848,3.0235684,8.607209,4.3400583,9.459519,8.445104,7.3216305,4.9856,4.8141303,4.8381395,2.1150818,6.1761174,4.7375946,1.2201102,2.9819407,6.502086,5.1631346,4.311845,6.904424,3.3487532,8.8693905,7.0170426,4.4977803,9.047973
16014,-3.5740745,5.036447,6.3381066,4.287041,1.2373786,8.201717,8.424017,2.718135,1.8947262,7.0053854,2.4160588,4.192064,5.9692426,7.087274,7.285198,1.5331126,2.5940478,3.025821,8.538984,4.37116,9.511968,8.409584,7.2640414,4.9786963,4.814814,4.8636265,2.1227815,6.1621532,4.711229,1.2121364,2.967436,6.5035267,5.1390605,4.328002,6.857017,3.3017356,8.911376,7.056003,4.4759407,9.048845
17001,-3.4697351,4.5129147,5.8695335,5.4943223,0.811888,7.206968,7.1843443,2.1686811,1.7272624,5.8345733,1.3101728,3.3985965,7.292666,7.1955657,7.7198567,1.2064737,3.7946348,2.054959,7.371263,5.361175,8.349512,8.843084,7.476003,4.3595314,5.6500344,3.7231553,2.8112402,6.2083654,5.296045,2.0766156,2.2349515,7.6935897,4.451627,5.1051364,6.6185174,2.7486,8.251213,6.869926,4.792047,8.191857
17003,-3.425612,4.472852,5.8652115,5.7718115,0.77831215,6.8609066,7.08069,2.0131538,1.8285605,5.641963,1.162024,3.273707,7.429058,7.340544,7.7097974,1.4876591,3.937658,1.9782029,6.970416,5.551686,8.252586,8.891439,7.429417,4.3450475,5.779203,3.5595133,2.8402538,6.25945,5.327893,2.2422667,2.1883054,7.7833447,4.306559,5.186427,6.5783496,2.6700897,8.214363,6.938624,4.8471355,8.065458
17005,-3.4165518,4.5535903,5.9038787,5.566384,0.89003325,6.9581428,7.178508,2.1097527,1.7828202,5.7512717,1.283918,3.4455237,7.2781067,7.336724,7.680363,1.4590524,3.851593,2.021764,7.209246,5.355043,8.398332,8.840586,7.378994,4.407237,5.735431,3.7365177,2.7457361,6.2342324,5.3073087,2.1378005,2.289165,7.674382,4.3612328,5.1795535,6.578847,2.6707861,8.219639,6.997984,4.7633524,8.148462
17006,-3.5113707,4.7241483,6.025461,5.5880694,0.92464626,6.777242,7.238944,2.152691,1.6904072,5.657499,1.3896024,3.5810897,7.1601486,7.2377787,7.7367463,1.7001529,3.8414204,2.1547651,7.0981026,5.182191,8.556204,8.727857,7.43256,4.452533,5.803363,3.9077382,2.7495995,6.1105704,5.276687,2.181212,2.4065917,7.546489,4.459622,5.076764,6.616868,2.710037,8.11455,6.972969,4.7797246,8.284771
17007,-3.295378,4.537988,5.9925265,5.7535644,0.7447587,6.8100944,7.144421,1.9287144,1.9894569,5.635049,1.1594085,3.2133756,7.4142275,7.38762,7.627316,1.6371057,3.882045,1.9376463,6.942678,5.595229,8.340659,8.84272,7.357139,4.4608526,5.8593836,3.5709717,2.7105124,6.2971377,5.2518005,2.1594357,2.241183,7.7249928,4.274456,5.2441654,6.4771066,2.6005313,8.299497,6.9775734,4.822033,8.0137415
17009,-3.4193332,4.5827856,5.9755974,5.765974,0.8213125,6.708642,7.1113005,1.9955148,1.8131855,5.5839157,1.2059529,3.3333757,7.362553,7.3259153,7.715134,1.6573718,3.9359236,1.9967048,6.9226036,5.4070673,8.360692,8.830303,7.4182973,4.3996077,5.861386,3.662284,2.785496,6.2192307,5.306504,2.2451847,2.2755017,7.723711,4.328942,5.1835804,6.5649314,2.643097,8.1692705,6.963509,4.8213305,8.1043005
17011,-3.5437086,4.5430703,5.672617,5.67142,0.9620349,6.7826753,6.695507,2.2075775,1.1340711,5.3676114,1.089493,3.644265,7.4338737,7.1437907,8.009881,0.700836,4.3908505,1.759356,7.297533,4.9227214,8.150194,8.871295,7.6279035,4.1064196,6.0238476,3.809154,3.0490985,6.0736814,5.638171,2.4170935,2.1834686,8.011862,4.404984,5.5174403,6.6063614,2.367407,7.691288,6.8267746,4.7318115,8.051814
17012,-3.3756914,4.5061154,5.963813,5.662512,0.85589266,6.851585,7.183368,2.0125008,1.9374694,5.729766,1.2344137,3.350071,7.3379426,7.405301,7.63579,1.6432495,3.8368437,1.9958969,7.055545,5.527566,8.39114,8.869803,7.3214087,4.4497066,5.751837,3.6290243,2.7221048,6.2829213,5.2751937,2.1693115,2.2604842,7.702465,4.296977,5.185467,6.544172,2.6637082,8.294167,7.057834,4.7978883,8.096672
17015,-3.3446887,4.557923,5.984459,5.750086,0.777268,6.7763095,7.1282344,1.9567004,1.9044527,5.614943,1.1809734,3.266946,7.388781,7.3569894,7.6638126,1.6229849,3.9041548,1.9595115,6.9493866,5.519595,8.352028,8.832353,7.380497,4.434753,5.8641553,3.614719,2.7438416,6.262365,5.2728014,2.1977143,2.257961,7.7259827,4.299623,5.2238126,6.507777,2.611306,8.243721,6.971,4.819531,8.050785
17019,-3.5692143,4.4795494,5.5995092,5.7198496,0.9301465,6.843514,6.6543236,2.2088082,1.1083463,5.369432,1.0497149,3.586157,7.486964,7.144405,8.029065,0.6084545,4.4199333,1.7471145,7.2820816,4.977844,8.069676,8.902256,7.654982,4.0472064,5.9884152,3.7413301,3.1116676,6.0796504,5.6616178,2.4443936,2.1310244,8.066949,4.3881636,5.5039234,6.6281333,2.3980548,7.6924806,6.7977204,4.7595906,8.029956
17022,-3.4496968,4.664696,6.001482,5.6612062,0.88975465,6.740006,7.1777706,2.0806127,1.7552063,5.624855,1.3043867,3.4791684,7.246732,7.297755,7.7170405,1.6838357,3.890436,2.0687723,7.028896,5.2859344,8.471245,8.774706,7.4069867,4.436038,5.837567,3.8038833,2.7514052,6.1697545,5.2905884,2.2054923,2.3540242,7.6277637,4.390258,5.148142,6.5782723,2.6592817,8.142118,6.9883957,4.785067,8.193756
17024,-3.398832,4.607589,5.997861,5.7307997,0.83132154,6.7251854,7.1384454,2.00431,1.826659,5.6028314,1.2310464,3.3591213,7.3306746,7.331474,7.6952815,1.6710722,3.9110813,2.0064974,6.956982,5.4056478,8.401157,8.808865,7.3951344,4.4291735,5.8613157,3.6963036,2.7563155,6.21881,5.2852015,2.220264,2.301573,7.692065,4.336545,5.1873403,6.544763,2.6331682,8.1848,6.9809217,4.807171,8.114343
